cgpa,aptitude,communication,skills,internships,projects,shortlisted
7.7,63,63,4,0,3,0
7.06,63,68,1,1,6,0
7.85,43,64,7,0,1,0
8.72,65,73,5,4,1,1
6.97,80,87,6,0,4,1
6.97,50,61,2,3,4,0
8.78,85,85,3,1,2,0
7.97,77,61,4,1,5,1
6.73,58,60,4,0,1,0
7.74,67,82,6,1,6,1
6.74,93,83,4,2,2,1
6.73,81,83,3,1,1,1
7.44,70,54,2,0,2,0
5.29,66,65,2,3,2,0
5.48,71,82,6,4,3,1
6.64,62,72,4,1,4,0
6.19,38,58,6,1,3,0
7.51,100,77,5,1,4,1
6.29,72,62,3,0,3,0
5.79,75,95,3,0,0,0
8.67,69,92,6,1,6,1
6.97,58,79,6,2,5,0
7.27,67,89,4,0,1,0
5.78,46,72,2,1,3,0
6.66,100,81,1,3,4,1
7.31,51,91,4,0,2,0
6.05,54,75,1,0,3,0
7.58,63,68,4,2,3,1
6.6,89,49,4,0,2,0
6.91,70,70,3,0,1,0
6.6,51,82,3,1,4,0
9.05,88,84,7,1,2,1
7.19,80,78,5,3,2,0
6.14,78,64,7,1,4,1
8.02,80,46,4,1,4,0
5.98,100,65,5,1,2,0
7.41,100,68,3,4,5,1
5.24,59,67,5,0,4,0
5.87,94,80,3,0,2,0
7.4,75,97,1,4,3,0
7.94,77,73,7,4,4,1
7.37,44,69,5,0,2,0
7.08,67,68,7,0,3,0
6.9,57,73,4,1,4,0
5.72,82,61,4,0,3,0
6.48,86,73,4,2,4,0
6.74,38,77,6,0,3,0
8.26,69,74,5,0,2,1
7.54,86,77,7,1,3,1
5.44,67,77,1,4,3,1
7.52,80,48,6,1,4,0
6.81,75,80,4,1,4,1
6.52,75,63,3,4,3,1
7.81,65,57,5,1,6,1
8.23,51,57,5,1,1,0
8.13,53,77,3,1,2,0
6.36,80,69,3,0,2,0
6.89,70,50,4,1,2,0
7.53,67,78,4,1,4,1
8.18,63,53,4,0,0,0
6.72,65,73,3,0,2,0
7.01,85,75,1,0,2,0
6.09,64,83,8,1,4,1
6.0,49,95,7,0,5,0
8.01,81,54,5,0,4,1
8.56,66,71,8,3,2,1
7.13,70,68,5,1,3,0
8.2,94,77,2,0,0,1
7.56,69,74,3,2,2,1
6.55,74,67,7,0,5,0
7.56,52,66,5,2,3,0
8.74,66,57,6,2,1,0
7.16,79,84,7,2,3,1
8.76,46,77,4,2,2,0
4.58,73,83,2,0,3,0
8.02,71,67,3,2,3,1
7.29,70,63,2,0,2,0
6.9,85,57,3,0,6,0
7.29,75,76,4,3,3,1
5.21,92,58,3,1,5,0
6.98,55,96,3,4,4,0
7.56,72,55,4,0,4,1
8.68,71,75,4,1,3,1
6.68,53,92,5,0,0,0
6.39,84,79,4,1,4,0
6.7,100,74,5,0,3,0
8.12,69,59,7,0,1,0
7.53,77,54,3,0,3,0
6.67,71,82,3,2,4,0
7.71,59,91,7,0,6,1
7.3,42,66,5,2,3,0
8.17,59,57,6,0,3,1
6.5,49,40,3,0,5,1
6.87,95,59,6,1,2,0
6.81,68,70,7,4,1,1
5.74,64,92,5,0,2,0
7.5,83,80,3,0,5,1
7.46,53,75,7,2,2,1
7.21,58,66,6,0,2,0
6.97,71,64,6,2,3,0
5.78,85,90,2,0,5,1
6.78,77,74,6,1,6,1
6.86,73,44,3,0,3,0
6.4,71,63,3,1,6,1
7.04,76,60,5,2,2,0
7.6,73,64,4,2,2,0
9.09,54,79,5,1,6,1
7.37,70,70,5,3,3,1
7.46,53,71,3,0,2,0
7.13,71,89,5,0,3,0
5.28,62,62,7,1,4,0
7.17,100,96,3,1,5,0
7.26,69,63,5,0,5,0
9.66,48,73,4,1,3,1
7.01,67,68,5,1,5,0
7.5,77,73,4,2,3,0
7.17,95,77,4,2,4,0
6.03,61,77,1,1,4,1
8.34,46,62,8,0,3,0
7.95,82,57,5,1,1,0
7.99,49,100,5,2,3,0
6.29,63,65,4,0,4,0
8.6,66,81,5,1,2,0
5.8,68,51,4,4,1,0
7.79,80,68,4,0,2,1
9.39,59,70,5,0,0,0
6.21,65,78,4,0,4,0
6.63,69,36,3,1,2,0
7.3,72,74,5,3,1,0
6.7,71,57,6,1,4,1
5.65,76,76,3,0,5,0
7.27,82,58,2,1,0,0
6.14,75,60,4,1,2,0
7.67,76,68,8,1,6,0
6.28,46,58,6,0,3,0
8.75,70,65,5,1,6,1
6.42,77,56,7,1,2,0
6.88,80,48,4,0,2,0
8.01,59,85,8,1,2,1
5.97,60,55,4,4,1,1
7.43,61,69,4,0,5,0
8.51,78,81,5,4,6,1
5.59,85,64,4,0,6,0
7.38,63,61,5,2,5,0
7.46,83,74,4,0,5,0
7.98,71,86,5,0,4,1
5.96,68,56,4,1,5,0
5.88,66,70,2,1,2,0
7.72,81,49,7,2,3,1
7.5,74,66,7,1,4,0
7.45,100,72,8,1,5,1
7.55,57,60,6,3,4,0
6.52,77,66,5,1,5,0
7.43,62,53,5,0,3,0
7.49,56,73,3,0,4,0
6.49,69,85,3,1,6,0
9.07,72,57,4,2,2,1
7.67,100,63,7,0,6,1
6.01,67,78,3,0,3,0
7.86,53,87,7,0,4,1
6.23,74,52,5,1,5,1
7.99,38,69,6,0,3,0
8.36,68,75,3,0,3,0
6.38,70,70,4,1,3,0
8.16,81,39,8,2,0,1
7.61,84,78,4,0,3,0
8.02,62,91,4,1,2,1
9.1,67,73,3,0,6,1
6.95,58,58,3,3,1,0
6.45,53,65,4,0,3,0
6.31,74,95,5,4,6,1
6.38,50,83,5,4,5,1
7.12,63,80,5,2,4,0
7.54,55,76,3,0,3,0
7.48,78,63,6,1,2,1
8.03,97,69,6,0,3,0
7.21,50,70,1,3,1,0
8.65,42,79,4,2,4,1
6.94,68,91,2,4,2,0
9.92,70,86,6,1,4,1
7.83,73,53,6,1,3,1
6.34,63,74,7,1,3,1
6.13,66,81,4,1,3,0
7.68,75,80,5,1,5,1
6.98,85,63,3,1,2,1
7.91,40,100,4,3,3,1
7.67,64,55,5,1,1,0
7.13,73,57,2,3,1,0
6.35,56,75,6,3,4,1
5.69,95,99,5,1,2,1
6.75,60,61,6,0,1,0
8.06,69,68,4,1,5,1
7.41,78,86,7,1,3,0
5.95,61,71,8,0,1,0
7.37,42,67,7,1,1,0
7.59,63,79,6,4,1,1
6.32,85,75,6,0,3,0
7.35,64,85,5,2,4,1
7.26,57,88,3,2,4,0
6.06,83,75,5,1,1,0
7.56,65,75,6,1,4,1
7.76,62,74,8,2,3,1
8.28,72,78,5,1,3,0
8.25,81,72,4,0,5,0
5.82,100,71,5,4,2,0
6.26,82,87,8,1,1,1
7.72,87,91,3,2,5,0
7.71,62,52,4,1,2,0
7.72,54,72,5,0,2,0
10.0,70,63,3,4,4,0
7.77,71,67,1,2,4,0
8.34,53,77,4,0,5,0
8.15,67,80,7,4,2,0
7.85,75,70,2,2,3,0
6.88,75,47,4,1,1,0
7.96,77,59,6,1,3,1
6.43,74,83,8,0,2,1
6.96,62,36,8,1,4,0
6.71,62,87,4,0,0,0
7.28,52,78,8,1,1,0
9.51,96,89,2,1,3,0
5.33,70,69,6,3,6,0
7.89,66,45,5,2,5,0
5.59,56,77,4,0,6,0
6.73,100,88,5,3,3,1
8.29,53,84,3,1,0,0
7.26,63,63,7,1,2,0
6.12,76,73,4,0,4,0
6.48,79,65,5,3,1,0
7.88,84,61,3,3,2,1
6.47,97,84,3,2,1,0
7.42,77,56,8,3,3,1
7.25,54,60,6,0,2,0
6.55,66,57,8,3,1,0
9.34,74,52,4,1,3,0
7.83,100,73,3,0,3,0
5.17,49,87,5,2,3,1
7.39,88,69,5,2,4,1
6.54,72,52,3,0,1,0
8.05,82,82,6,0,4,1
6.41,68,93,4,0,0,0
7.09,57,63,3,1,3,1
7.7,81,65,4,0,3,0
8.07,79,78,5,0,6,1
6.0,84,93,6,1,3,0
6.87,69,65,5,4,2,1
6.73,61,54,5,2,3,1
6.55,46,80,3,0,3,0
8.97,82,82,7,4,3,1
7.6,76,72,7,1,2,1
5.94,55,64,5,1,3,0
8.12,61,84,1,1,2,1
9.32,62,78,5,1,4,1
8.23,47,62,5,0,3,0
5.68,57,72,8,1,1,1
6.72,52,54,8,1,5,0
8.47,63,80,7,1,4,0
6.49,58,68,2,2,2,0
7.64,45,66,8,1,0,0
7.97,100,71,5,2,4,1
6.27,88,72,6,1,3,0
7.14,58,83,4,4,5,1
4.0,74,79,4,1,0,0
6.18,76,69,5,3,0,0
6.95,87,81,3,2,6,1
5.95,57,77,4,1,6,0
8.83,86,66,7,2,0,1
5.77,61,70,2,0,4,0
6.76,49,70,3,4,2,0
7.33,80,78,3,0,4,0
8.64,89,67,4,1,5,1
5.76,100,66,8,0,1,1
8.36,52,97,3,1,2,0
7.21,80,84,3,1,0,0
6.22,63,62,7,3,0,1
7.66,81,79,7,1,0,1
7.4,47,73,2,4,5,0
6.6,51,77,6,1,2,0
7.27,58,73,5,0,3,0
6.81,71,87,6,0,4,1
7.31,60,76,5,2,3,0
7.86,79,71,8,0,3,1
8.79,85,85,2,1,0,0
5.96,78,75,4,0,3,0
9.33,94,73,4,1,1,1
5.25,76,76,4,2,4,0
7.05,51,70,7,1,2,0
7.79,90,72,5,0,4,1
7.48,60,64,2,0,4,0
6.58,83,62,4,1,4,0
6.99,93,59,4,0,2,0
6.71,76,53,8,1,2,0
6.61,47,60,5,1,5,0
8.05,56,69,5,0,0,0
7.56,89,73,6,1,2,1
6.51,67,68,6,1,4,0
8.1,71,41,5,0,5,0
7.51,81,92,4,1,3,1
8.01,80,86,7,0,4,0
7.83,74,77,6,1,3,0
6.37,66,96,6,2,1,1
6.64,65,59,8,0,4,1
7.95,82,96,6,1,5,1
7.81,78,59,6,1,6,1
7.18,66,75,8,0,0,0
7.32,86,55,3,2,4,0
8.48,68,72,5,1,3,0
6.61,57,77,5,1,0,0
7.75,58,69,4,2,4,0
7.0,55,81,6,2,1,1
6.98,65,73,6,4,3,1
8.3,88,65,6,1,2,1
8.03,57,64,8,3,3,1
8.01,72,82,4,0,3,0
8.51,60,63,6,1,3,0
7.22,66,83,5,0,3,0
7.88,47,87,4,0,2,0
6.89,66,50,3,1,4,0
7.52,67,86,7,2,5,1
7.07,78,98,5,1,2,0
7.3,73,75,6,2,3,0
7.8,52,79,5,1,4,1
6.38,86,85,3,1,3,0
9.29,73,68,4,0,3,1
6.19,72,74,4,1,4,0
5.99,69,54,8,0,0,0
8.36,62,73,1,1,3,0
7.99,73,78,8,0,3,1
7.82,77,78,8,0,0,1
7.83,43,85,8,2,3,0
7.19,61,61,5,1,4,1
6.3,66,65,8,1,4,1
7.28,73,96,4,0,1,0
6.52,87,70,1,1,6,0
8.18,58,74,3,2,4,1
7.05,62,71,7,3,3,0
6.37,62,61,1,2,2,0
6.88,57,93,5,0,3,0
7.61,64,65,2,2,5,0
6.64,81,57,4,0,3,0
6.38,54,66,3,0,4,0
7.44,76,45,7,0,3,0
7.44,44,63,5,2,3,1
6.69,61,59,7,1,2,0
6.73,65,80,5,1,4,0
7.43,95,63,8,2,3,1
5.75,65,83,5,0,2,1
5.79,36,90,5,1,3,1
6.48,40,82,5,1,5,0
6.99,70,69,5,1,4,0
7.51,79,73,6,2,2,0
8.68,75,52,5,0,5,0
8.06,72,70,6,2,1,0
7.04,87,60,6,1,0,0
7.18,61,81,3,2,1,0
6.2,83,100,5,1,1,1
7.18,45,78,3,3,1,0
6.91,56,46,5,0,4,0
7.52,42,67,5,2,4,1
6.37,65,73,8,1,4,0
7.72,69,73,2,0,4,0
8.73,71,62,3,0,4,0
7.09,70,75,2,2,2,1
7.6,56,55,4,0,4,0
7.89,67,59,6,0,3,0
6.8,47,80,6,4,6,1
7.42,90,58,6,2,2,1
7.21,65,78,7,0,1,0
7.3,62,54,4,1,4,0
6.43,93,94,3,1,4,0
7.22,51,61,2,2,2,1
7.7,53,69,7,2,3,0
8.65,53,76,6,2,1,1
8.16,68,64,5,0,6,0
9.35,76,73,4,1,1,1
6.43,81,79,4,0,1,0
8.07,100,84,8,0,0,1
7.38,36,82,2,2,3,0
9.39,79,69,6,0,1,0
6.39,61,70,4,1,4,1
6.36,61,100,2,2,5,1
6.6,60,84,6,1,2,0
5.08,56,60,4,0,4,0
6.67,95,73,6,2,0,1
6.44,82,67,6,3,3,1
7.35,70,70,5,2,2,1
7.54,90,56,6,1,2,0
9.08,47,66,5,0,4,0
8.15,50,95,4,0,1,0
6.62,37,79,6,2,5,0
6.3,59,39,5,0,4,0
7.69,72,87,1,3,4,1
5.88,71,86,7,1,6,0
9.03,72,67,5,1,6,0
8.38,48,81,7,2,3,1
6.73,82,60,7,2,3,1
5.49,73,65,4,1,2,0
8.55,80,91,5,3,4,0
7.09,41,68,4,4,3,0
8.44,74,47,4,3,6,1
5.61,52,71,7,2,2,0
6.6,64,70,6,2,2,0
7.21,78,87,3,2,2,1
7.25,71,72,5,0,5,0
6.75,57,66,8,0,1,0
7.82,70,85,5,0,3,0
6.13,47,73,6,0,3,0
7.06,87,62,6,1,1,1
7.32,66,87,4,0,3,0
7.71,86,74,4,3,3,1
7.91,62,72,6,2,1,1
6.08,62,74,5,0,3,0
5.67,58,58,5,0,6,0
8.48,83,65,6,2,6,0
7.53,59,72,6,2,3,0
6.45,79,69,4,3,3,0
8.75,64,88,3,4,2,1
7.32,40,74,4,4,6,0
8.38,61,83,5,1,2,0
7.27,52,72,4,0,3,0
9.26,70,85,5,2,0,0
8.96,52,77,2,0,2,0
6.95,83,72,5,2,1,1
8.17,68,71,4,1,4,1
7.85,67,59,5,2,3,0
8.57,79,78,4,0,3,1
6.24,84,71,4,1,2,0
7.89,69,65,7,1,5,0
8.26,58,86,3,3,0,0
5.44,43,55,5,0,2,0
6.02,59,66,7,3,4,0
5.16,60,85,5,2,5,1
6.93,71,76,7,2,2,0
7.92,64,71,3,2,3,1
8.7,80,75,5,1,3,1
7.27,60,74,5,0,5,1
8.83,69,52,1,0,1,0
5.82,87,67,4,3,3,1
5.5,75,93,4,2,2,0
7.14,69,63,5,0,0,0
7.58,60,67,7,1,1,0
7.17,60,64,3,1,6,0
5.13,57,70,4,0,2,0
7.11,61,64,4,1,6,0
5.9,81,78,5,0,2,1
7.87,66,74,6,0,6,0
7.57,49,82,4,1,4,0
6.26,96,58,1,1,1,1
6.69,74,67,6,0,3,0
6.14,48,69,7,1,2,0
7.14,63,77,5,0,3,1
8.16,71,61,5,0,3,1
6.21,95,83,3,0,3,0
7.7,53,87,3,0,4,0
6.67,84,59,4,0,4,0
6.41,90,65,4,2,2,0
7.09,60,65,7,1,6,1
6.16,65,100,5,0,6,1
6.65,54,66,3,0,0,0
6.0,66,93,4,0,0,1
9.16,69,55,4,2,3,1
7.24,79,59,5,1,3,1
6.5,86,63,4,0,2,0
7.41,58,61,4,1,2,0
7.09,40,68,5,1,4,0
6.98,69,62,4,0,4,0
7.81,74,61,2,1,2,0
7.96,73,87,1,1,5,1
6.67,65,87,4,0,4,0
6.62,71,84,3,2,3,1
6.92,92,78,4,2,4,1
4.9,75,73,6,1,1,0
5.68,64,65,6,0,3,0
8.57,62,59,5,1,2,1
8.84,67,76,7,1,0,1
6.95,94,56,4,2,2,0
7.78,67,59,7,1,2,1
7.51,69,86,4,0,4,1
10.0,62,96,4,1,4,0
8.32,86,77,4,2,1,0
7.07,99,86,3,1,0,0
6.24,76,68,8,3,4,1
5.59,71,54,3,2,0,0
7.4,70,79,4,0,2,0
6.44,34,79,4,3,3,1
5.78,81,72,2,1,5,1
6.55,72,68,3,2,5,1
6.12,76,84,2,2,4,0
8.89,59,59,4,1,2,1
8.08,64,61,7,1,4,0
7.19,63,58,4,3,2,0
8.68,85,73,3,0,2,1
7.28,64,57,5,0,3,0
6.34,100,63,8,1,4,1
8.72,76,62,4,3,1,0
7.74,50,68,4,3,1,0
6.16,68,52,8,0,4,1
7.01,60,73,3,3,5,0
6.32,37,88,5,0,4,0
5.82,93,73,4,4,3,1
8.13,80,92,7,1,5,1
9.11,77,89,8,0,4,1
5.8,72,82,6,0,3,0
7.76,49,72,4,0,2,1
6.55,62,72,4,0,2,0
6.71,82,81,4,2,3,1
6.61,54,66,7,0,2,0
6.34,32,47,7,4,2,0
7.25,66,78,4,1,3,0
6.37,67,57,5,2,2,0
7.47,72,59,3,0,5,0
7.15,80,72,4,3,1,1
6.96,79,70,5,2,3,0
6.29,73,53,4,3,4,0
6.62,87,74,4,4,3,1
7.96,47,84,1,0,3,0
7.7,77,57,6,0,3,0
6.22,79,88,7,2,5,1
7.3,51,51,8,3,6,1
7.95,47,99,6,1,4,1
5.53,58,66,5,1,4,0
7.74,60,73,4,2,0,0
6.54,81,47,8,0,5,1
7.77,60,71,5,0,6,0
6.44,57,74,5,1,3,0
5.4,60,70,5,0,4,0
5.57,86,64,6,1,3,1
7.25,70,59,1,4,2,0
7.46,67,86,3,2,5,0
6.3,68,72,5,3,3,1
7.84,89,92,7,2,3,1
5.54,58,65,5,1,4,0
7.13,89,66,4,2,5,1
5.99,73,82,4,3,4,0
6.55,67,50,6,3,2,1
7.25,100,56,6,2,3,1
6.34,54,86,5,0,6,1
6.82,64,56,4,0,3,0
8.21,51,48,7,0,6,0
6.62,84,96,5,4,5,1
8.04,95,53,6,1,4,1
6.07,95,74,3,3,2,1
7.73,88,72,4,1,2,0
8.64,67,35,7,2,4,0
4.73,64,68,2,0,3,0
6.4,44,77,5,0,4,0
7.78,100,76,5,1,4,1
7.0,77,83,6,1,2,0
7.57,62,66,4,0,4,0
6.6,89,81,3,2,3,1
7.29,55,63,7,1,2,0
7.04,76,53,5,2,3,1
8.37,67,55,3,0,5,0
7.45,79,52,3,2,3,0
7.54,69,85,8,0,2,0
6.79,48,52,3,2,3,0
6.71,71,75,5,1,2,0
6.77,85,68,4,2,3,0
7.59,69,70,7,3,1,0
6.78,81,89,6,0,5,1
7.49,54,66,5,0,2,0
9.28,69,79,1,2,3,0
8.07,60,72,7,1,1,0
6.87,81,70,4,0,6,0
8.4,70,100,7,1,3,1
6.79,80,53,5,0,5,0
5.16,86,88,5,0,4,1
6.19,80,80,2,1,4,0
5.33,74,65,6,2,5,0
6.85,55,93,4,1,1,0
7.22,69,47,4,1,4,0
8.88,62,65,3,3,2,0
7.53,64,56,3,0,4,0
6.98,64,77,3,2,6,1
8.03,55,57,4,3,5,1
4.99,40,77,7,0,1,0
7.44,59,69,4,1,3,0
7.97,72,65,6,4,3,1
5.72,49,77,3,4,1,0
8.34,70,68,5,0,1,0
7.54,98,57,5,0,3,1
6.78,85,100,8,0,6,1
7.83,94,65,6,1,3,1
9.47,75,43,5,1,4,1
7.38,87,61,6,1,3,1
7.45,59,55,3,3,4,0
6.74,60,82,5,0,6,1
6.35,30,76,2,2,3,0
8.03,87,77,4,0,1,0
6.34,93,67,3,0,3,0
7.27,61,68,6,1,6,0
6.72,66,67,5,0,3,1
7.68,58,70,6,1,3,1
7.53,75,82,5,3,1,1
8.24,86,76,3,0,1,0
6.69,43,78,6,2,5,0
6.93,76,78,6,0,2,0
6.22,65,83,7,0,2,0
6.76,71,75,5,1,3,0
7.58,76,76,6,2,6,1
7.96,67,87,6,1,1,1
6.28,68,63,3,1,5,0
8.07,66,60,3,3,2,0
8.56,84,56,2,2,5,1
7.61,76,74,4,0,6,0
9.08,73,47,5,2,2,1
6.43,50,78,8,1,1,1
5.96,64,70,4,2,1,0
5.42,83,86,6,1,4,1
8.7,70,63,5,0,1,0
7.85,79,69,3,1,2,1
7.14,96,86,2,1,2,1
7.48,85,89,5,1,3,0
6.07,71,63,6,3,1,0
9.65,62,74,8,3,5,1
7.33,31,75,4,1,5,0
7.31,67,76,7,1,3,1
7.93,65,68,4,1,4,1
7.68,75,88,5,1,4,1
7.42,67,47,5,4,4,1
6.41,65,66,2,1,3,0
7.67,43,77,2,0,3,0
9.08,55,77,1,1,4,1
8.55,77,89,4,1,4,1
8.79,95,87,6,1,2,1
6.69,68,68,3,1,2,0
6.21,74,88,5,0,2,0
7.07,84,62,4,0,3,0
7.26,57,84,6,0,3,0
8.29,75,95,6,1,3,1
5.51,58,87,6,0,3,1
8.73,82,73,5,2,5,1
7.04,72,67,4,0,1,0
6.77,74,52,6,3,3,0
6.19,58,76,3,0,3,0
5.55,80,57,4,0,3,0
8.02,100,61,3,1,3,1
7.27,54,56,5,0,5,0
5.91,64,66,5,3,2,1
5.9,73,71,5,0,5,0
6.86,81,75,4,1,5,1
8.87,61,64,3,3,4,1
6.94,30,85,7,1,4,0
5.7,90,69,5,0,4,0
6.95,81,61,4,0,3,1
6.93,43,74,5,1,6,0
4.5,60,97,3,0,2,0
7.15,93,76,3,1,2,0
6.97,91,67,4,2,2,0
7.9,84,52,3,3,4,0
9.05,67,69,4,0,2,1
8.33,71,75,7,0,5,0
6.93,68,66,5,0,3,1
6.09,86,50,5,1,5,0
9.77,56,60,5,1,2,0
7.26,57,90,8,2,2,0
7.21,85,90,3,2,1,0
7.18,69,60,6,0,2,0
7.4,90,80,5,1,3,0
7.06,59,56,3,0,6,1
6.63,69,90,4,0,3,0
6.65,56,75,5,0,4,1
7.17,70,84,5,0,3,0
6.66,47,49,4,1,0,0
6.49,62,80,5,1,3,0
7.31,48,71,5,0,1,0
6.95,80,83,4,4,5,0
8.7,80,83,7,1,4,1
4.55,44,72,7,0,3,0
8.29,90,64,5,0,4,1
8.45,100,82,8,1,1,1
5.13,70,71,2,4,4,1
6.86,60,60,1,1,5,0
6.83,100,60,4,3,5,1
5.79,50,52,5,1,2,0
6.42,70,65,5,1,2,0
6.09,72,86,5,1,3,1
8.95,90,74,3,2,6,1
8.14,75,65,3,1,6,1
8.47,62,82,7,3,3,1
7.92,55,61,7,0,4,0
6.07,64,73,5,1,6,1
6.68,54,69,5,1,2,0
7.69,70,82,5,1,5,1
5.98,61,51,3,0,2,0
7.91,47,60,4,1,2,0
6.96,88,50,5,1,2,1
6.83,62,68,5,2,3,0
7.91,50,87,1,2,5,1
7.64,67,65,8,2,3,0
6.84,71,65,6,0,1,0
8.36,43,83,4,4,2,0
6.12,74,85,5,2,3,1
7.82,54,70,7,0,3,0
7.79,95,80,3,0,3,0
6.89,77,57,5,0,1,0
7.53,64,89,5,1,4,1
5.95,58,99,4,3,5,1
8.12,68,78,6,2,3,1
7.02,79,44,4,3,4,1
6.68,69,64,2,0,5,0
8.25,66,79,2,1,4,0
6.5,70,66,2,0,4,0
5.79,60,88,4,0,4,0
5.64,64,79,6,2,2,0
7.81,38,62,3,0,3,0
5.92,84,72,5,2,5,1
8.95,74,60,5,1,2,0
5.12,58,69,4,2,5,0
8.9,98,64,5,0,4,1
7.41,71,87,5,2,3,1
7.1,54,99,5,4,4,1
6.66,82,53,4,3,3,0
7.6,75,46,5,2,5,0
7.16,75,68,8,2,3,1
8.3,63,52,4,1,5,1
7.31,76,72,4,2,3,1
7.35,66,81,5,2,4,1
6.84,78,91,2,1,6,1
7.14,41,74,5,2,1,0
7.51,63,69,4,1,4,0
5.49,95,46,3,0,1,0
5.85,58,72,5,1,5,0
7.94,60,72,1,0,3,0
7.37,63,80,4,1,6,1
7.02,51,62,3,0,5,0
7.22,36,66,1,1,1,0
7.55,66,52,6,2,1,0
6.66,72,42,7,1,4,0
6.42,69,57,3,0,3,0
7.4,67,51,5,1,2,0
6.22,70,76,4,0,1,0
7.61,85,65,5,1,3,0
5.5,67,65,4,1,0,0
8.23,61,59,4,3,5,0
7.67,65,30,6,0,5,0
7.46,78,91,3,2,4,0
8.18,91,58,2,3,0,1
8.87,60,66,6,4,0,1
8.21,71,53,5,0,3,1
5.36,75,84,5,1,6,0
5.92,55,73,5,0,2,0
6.58,70,61,5,1,2,0
7.23,48,66,4,0,1,0
7.72,43,93,4,2,4,1
6.47,75,71,5,0,4,0
7.39,64,69,5,1,1,0
6.44,73,59,5,1,3,0
6.59,69,47,6,4,4,0
5.79,55,69,4,2,3,0
6.28,69,76,4,0,4,1
5.85,51,86,4,0,5,0
6.22,90,42,5,0,4,0
8.25,49,57,5,2,4,0
6.25,67,64,7,2,5,1
9.83,54,71,5,1,5,1
7.69,78,70,7,0,3,1
7.38,65,70,6,2,2,1
6.34,62,77,8,1,5,1
7.9,82,60,5,4,2,0
6.62,70,84,8,1,6,0
7.32,77,77,3,0,0,0
9.76,55,67,2,1,6,1
7.1,48,92,5,0,3,0
8.35,71,92,8,2,4,1
6.5,65,84,4,2,3,1
7.17,79,32,3,0,6,0
8.97,68,92,5,0,2,1
6.57,73,82,5,0,2,0
9.01,45,98,4,3,1,1
7.91,98,88,6,0,6,0
6.64,67,92,8,0,3,0
7.83,80,83,7,0,4,1
8.17,57,89,4,1,4,1
7.82,74,97,4,2,5,1
5.63,50,74,4,3,4,0
6.47,76,51,4,0,3,1
6.95,64,68,3,2,4,0
7.13,70,77,6,1,4,1
7.82,80,72,4,4,2,1
7.38,51,55,7,0,1,0
5.86,59,50,7,0,1,0
7.58,76,62,1,1,3,0
7.81,100,82,8,0,3,1
7.76,67,92,6,0,4,1
8.28,78,83,5,2,6,0
8.03,68,85,4,2,2,1
7.66,99,70,5,1,4,1
7.13,43,49,4,2,3,0
5.54,71,66,5,1,2,0
7.63,45,68,3,1,4,0
7.41,32,65,5,1,6,0
7.47,74,72,4,2,1,0
5.92,72,77,1,0,3,0
6.12,65,83,5,0,1,0
8.25,68,68,5,1,2,0
7.16,100,47,4,1,4,1
7.88,66,65,2,2,5,1
7.23,77,72,7,1,4,1
7.23,60,87,5,0,3,1
8.14,74,64,3,0,5,0
6.68,66,78,5,0,2,0
7.3,63,75,5,2,4,0
6.74,97,72,2,1,3,1
6.77,87,84,5,2,5,0
6.89,72,63,6,1,4,0
7.42,35,64,6,3,5,1
6.72,64,71,3,4,2,0
8.46,100,63,7,2,4,1
6.31,66,78,4,3,4,0
7.01,86,62,7,1,4,1
6.76,91,74,2,3,3,0
8.65,73,70,5,2,0,0
7.4,57,74,5,4,2,0
8.23,33,66,4,1,2,0
5.71,80,67,6,2,5,0
7.47,57,73,5,1,5,1
8.09,72,74,1,0,1,0
7.28,51,71,5,1,6,0
8.27,66,94,5,3,2,1
6.68,70,59,3,0,3,0
8.61,74,71,8,1,2,1
9.5,53,51,7,1,5,0
6.84,87,76,4,1,4,1
6.75,61,57,5,3,3,0
8.65,44,68,4,3,4,0
8.78,68,67,6,1,2,0
6.68,70,75,7,0,3,1
6.78,72,64,4,1,3,0
6.92,90,64,6,1,2,1
5.86,66,90,5,1,5,1
6.28,68,75,4,0,4,0
6.2,53,64,7,1,2,0
6.43,82,68,5,0,2,0
7.17,72,93,5,2,0,1
7.43,63,68,5,0,2,0
8.75,41,63,4,1,3,1
6.2,91,63,4,0,2,0
8.18,51,64,7,4,4,1
6.99,61,64,5,1,3,0
7.15,75,55,6,0,2,0
7.87,52,57,4,1,6,0
6.08,47,61,5,3,2,0
7.58,38,79,8,2,3,0
7.37,80,67,4,2,3,0
7.69,61,69,3,0,2,1
7.49,100,88,5,2,2,1
9.66,55,88,4,2,2,0
6.56,56,68,3,1,5,0
6.67,61,63,7,3,4,0
6.58,73,60,8,0,4,1
6.64,62,81,5,0,3,1
6.56,79,69,6,3,3,1
8.39,55,66,7,1,2,0
8.62,49,61,6,0,1,0
6.63,43,61,2,1,2,0
6.37,36,76,3,3,3,0
7.67,62,54,2,0,1,0
6.65,65,84,1,0,1,0
7.83,60,65,4,0,2,0
7.4,88,70,4,3,3,0
5.68,88,54,4,3,3,0
8.75,64,71,2,1,1,0
9.0,43,67,5,1,2,0
6.59,61,71,4,0,2,0
6.81,61,91,6,0,1,1
7.49,60,74,1,2,2,0
7.53,59,61,6,0,1,0
7.86,60,62,8,1,4,1
9.21,64,79,6,1,3,1
7.02,60,88,6,0,2,0
6.4,73,75,7,1,1,1
5.82,75,80,3,1,2,0
6.47,56,79,8,2,2,1
7.17,89,90,6,0,6,1
8.99,55,46,6,0,5,1
6.68,45,80,4,1,0,1
7.42,75,84,5,4,4,1
7.18,57,54,5,0,2,0
8.39,74,60,5,4,1,1
9.73,33,60,6,2,4,0
6.67,90,62,3,2,1,0
6.71,80,65,4,0,3,0
8.24,47,75,4,0,4,0
7.88,47,83,4,0,3,0
9.05,95,86,3,1,6,1
7.78,58,61,3,4,4,1
6.84,57,61,4,0,4,0
7.79,36,89,5,1,3,0
8.31,64,80,2,0,0,0
8.02,66,73,7,2,4,1
7.71,80,78,6,0,6,1
8.27,49,71,6,0,3,0
8.37,47,78,3,0,6,0
8.58,76,67,5,2,1,1
7.85,85,75,5,0,2,1
7.03,46,52,8,0,2,0
7.35,86,63,6,0,3,1
8.41,70,63,5,4,4,0
6.38,86,67,7,1,2,1
7.57,68,59,3,2,5,0
6.81,32,65,1,2,3,0
7.23,67,52,5,0,3,0
8.48,85,79,3,1,4,0
7.39,56,70,3,0,1,0
7.25,64,49,6,1,4,1
5.84,67,61,4,1,2,0
7.95,30,76,5,1,2,0
7.85,95,64,7,0,3,1
9.36,56,62,4,0,5,0
6.89,77,71,3,2,3,0
7.42,68,76,3,2,4,0
7.45,88,53,3,0,4,0
8.78,76,79,2,0,2,1
7.1,66,61,3,3,5,0
7.48,56,71,4,2,3,0
7.81,81,71,4,4,2,1
7.39,41,65,6,0,3,1
6.75,79,58,7,1,2,0
7.39,53,68,6,0,2,0
8.27,88,93,5,1,2,1
6.17,72,54,3,0,2,0
7.33,79,94,6,0,4,1
6.5,71,68,4,0,3,1
8.4,43,72,3,2,4,0
5.68,57,57,6,1,2,0
6.64,80,61,4,1,4,0
7.58,72,65,3,3,1,1
8.77,87,58,7,2,3,1
7.13,76,69,7,1,2,1
6.64,55,66,4,4,3,1
9.08,58,96,4,1,2,0
5.75,71,56,5,0,4,0
5.0,35,73,6,4,5,0
7.64,95,75,2,0,4,0
6.7,76,58,5,1,2,0
6.18,88,80,8,0,2,1
7.91,46,66,4,1,5,0
7.44,88,39,7,1,3,0
6.64,100,80,8,0,6,1
5.92,50,57,4,1,3,0
8.07,81,58,6,2,6,1
7.85,70,80,4,0,6,1
7.1,46,67,6,1,4,1
9.05,77,83,6,0,0,1
6.13,82,87,4,2,3,0
5.67,60,63,6,2,5,0
6.51,87,82,6,3,5,1
7.15,44,62,4,0,2,1
7.44,47,100,3,0,3,0
6.96,72,62,3,0,5,0
7.55,70,85,5,0,3,1
5.95,59,82,8,1,5,1
8.64,82,76,6,4,5,1
7.12,77,63,4,1,5,1
8.32,82,70,5,4,1,1
7.54,68,44,4,0,1,0
7.66,79,74,3,3,1,0
7.77,63,76,5,0,6,1
7.65,100,73,5,3,3,1
7.84,57,33,5,0,1,0
8.53,100,55,8,3,2,1
7.4,70,62,5,0,3,0
7.91,49,75,5,0,5,0
7.11,90,75,3,1,4,1
8.64,71,69,8,1,4,1
6.52,82,80,6,2,0,1
9.0,88,58,7,4,5,1
7.16,75,79,4,1,2,0
5.77,61,78,5,2,4,1
7.33,84,76,5,0,1,1
6.52,70,69,3,1,1,0
8.04,80,95,5,1,0,1
6.55,37,78,7,3,3,1
6.75,76,59,3,1,4,0
5.31,60,75,3,2,1,0
6.75,94,81,6,0,2,1
4.78,79,64,4,0,5,0
5.62,73,86,5,1,1,0
7.96,77,76,5,0,2,1
7.99,55,41,4,0,3,0
7.63,94,75,6,0,5,1
6.23,99,66,5,2,2,0
7.15,75,78,7,0,6,1
7.2,93,84,6,3,3,1
6.04,61,74,7,0,3,1
8.7,58,93,1,0,1,1
8.08,70,69,4,1,4,1
6.98,76,80,3,1,2,0
7.23,64,82,4,1,4,0
7.41,78,70,7,1,2,0
5.16,74,82,5,0,3,1
6.95,55,64,6,2,5,0
6.52,77,66,4,1,4,1
6.2,82,54,4,0,2,0
6.92,72,75,7,2,4,0
9.0,87,76,4,2,4,1
7.84,51,87,6,1,1,1
6.63,77,82,4,2,3,0
7.77,52,68,7,3,2,1
8.6,53,56,5,1,3,0
8.12,60,77,6,0,4,0
7.26,55,86,3,3,2,0
6.55,61,81,5,0,1,0
7.9,66,86,7,0,2,1
7.59,82,69,7,0,6,1
8.1,65,65,2,2,4,0
7.84,46,62,4,3,0,0
8.25,87,71,4,1,3,1
6.66,57,70,3,4,2,0
8.52,69,74,6,0,4,1
7.4,76,70,3,0,3,0
9.28,72,70,4,1,6,0
6.51,86,61,5,4,2,1
8.94,77,84,5,1,3,0
7.4,57,72,6,0,4,0
6.55,100,69,8,0,5,1
6.72,72,62,3,0,3,0
6.88,67,54,6,0,4,0
7.62,84,89,4,0,2,0
7.72,73,79,4,3,3,1
6.63,75,50,2,1,5,0
7.18,100,81,3,2,6,1
9.34,65,83,4,0,4,1
8.93,65,73,4,0,3,0
7.64,71,92,7,1,5,1
7.24,86,74,6,3,0,0
7.32,47,53,8,1,1,0
7.81,40,76,5,3,4,0
6.18,61,75,4,2,2,0
6.94,45,64,4,0,6,0
5.53,63,79,4,0,3,0
7.6,77,50,4,2,3,0
7.85,56,84,5,1,4,1
6.72,48,60,5,0,4,0
8.77,71,59,4,1,3,0
5.97,82,70,3,1,2,1
5.74,44,77,1,3,4,1
7.42,82,74,3,0,2,0
8.25,82,62,3,0,2,0
8.88,84,65,6,1,4,1
6.74,88,57,3,2,1,0
8.28,100,69,6,1,6,1
7.16,64,85,4,3,4,1
7.03,71,71,2,2,6,0
8.08,63,83,6,1,2,0
7.85,70,90,5,0,6,1
5.62,92,64,4,1,1,0
8.68,49,69,7,2,0,0
8.58,57,100,2,2,0,0
6.57,90,90,3,4,3,1
7.6,85,50,6,1,1,0
7.69,64,77,6,1,3,1
7.46,82,72,4,0,2,1
6.65,75,82,2,0,2,0
6.53,92,62,7,0,4,0
7.17,71,61,4,0,2,0
8.37,85,63,3,1,4,0
7.74,100,64,5,0,3,1
6.83,78,82,7,1,5,1
7.97,70,56,2,1,3,0
4.35,80,63,6,1,6,0
8.35,64,48,5,1,3,0
5.46,100,85,4,0,6,0
6.84,72,88,6,4,0,0
6.08,65,67,8,0,4,0
5.91,57,68,3,3,5,0
8.36,86,77,3,0,1,1
6.73,83,91,7,1,3,1
7.55,62,77,5,0,5,0
7.15,78,62,4,0,3,0
7.68,47,50,5,1,1,0
7.28,72,57,6,2,4,0
5.92,76,72,6,0,1,0
8.2,95,63,7,1,5,1
6.71,58,74,4,0,0,0
5.64,50,64,4,1,1,0
6.77,56,58,5,3,2,0
8.7,49,56,4,3,4,1
8.05,90,92,5,1,6,1
6.85,93,83,4,0,1,1
6.85,74,94,3,0,1,0
6.88,88,79,5,4,3,1
9.28,72,66,5,0,5,0
7.58,68,89,6,2,3,1
7.63,65,71,5,1,2,0
8.23,65,74,3,4,3,0
7.44,46,71,4,1,2,0
6.94,73,33,6,1,3,1
7.0,69,92,4,1,2,1
7.13,81,78,5,4,5,1
7.16,71,76,5,4,6,1
7.93,67,71,4,2,4,0
7.25,56,74,6,2,3,1
7.93,71,64,3,1,3,1
7.12,81,80,5,2,1,1
7.28,52,55,3,3,4,1
5.2,71,74,2,1,3,0
8.12,73,79,5,1,5,0
7.55,59,69,5,1,2,0
8.2,61,76,6,1,4,1
4.3,73,59,6,3,4,0
9.29,52,59,6,1,2,1
7.06,75,75,4,0,4,1
8.31,56,80,5,1,6,0
6.16,85,47,5,0,5,1
7.81,100,78,4,1,4,0
6.15,57,64,5,3,0,1
6.58,78,69,7,1,5,1
9.11,59,54,3,3,4,0
7.01,85,60,7,0,2,0
7.42,51,84,2,3,2,0
8.07,77,72,4,1,1,0
7.7,56,67,4,0,1,0
7.35,66,70,5,1,4,1
7.56,54,78,3,4,2,1
9.6,82,77,7,0,0,0
7.14,57,71,6,1,3,1
7.4,78,86,5,3,3,1
8.25,64,84,5,0,2,0
8.31,68,77,7,1,0,1
8.39,72,72,6,1,2,1
7.84,58,80,5,0,4,0
6.06,73,76,6,1,1,0
8.83,92,85,5,0,3,0
6.05,58,83,5,2,1,0
7.5,87,58,4,0,2,1
6.45,92,57,5,0,3,0
7.14,57,62,2,1,1,0
7.53,48,84,4,1,2,1
7.52,74,51,5,0,2,0
7.62,61,77,8,2,2,0
8.81,98,76,8,3,4,1
7.65,70,87,5,3,1,0
6.96,57,74,5,1,5,1
8.16,52,54,3,3,5,0
8.39,86,59,5,3,4,1
5.97,61,56,2,1,2,0
7.8,70,65,4,0,5,0
7.9,84,69,5,0,2,1
6.9,62,56,4,1,1,0
8.58,69,91,2,3,0,1
7.05,69,54,6,1,6,0
7.33,80,89,4,2,2,1
7.03,78,87,2,0,5,0
7.22,66,83,2,0,2,0
6.1,70,62,4,1,5,0
5.76,64,76,3,4,5,0
8.79,47,55,6,1,6,1
6.35,73,83,4,3,3,1
6.21,98,71,6,0,5,1
5.05,56,66,3,1,6,0
6.56,58,56,5,1,2,0
5.88,56,39,5,3,3,0
8.84,80,58,5,0,4,0
8.21,76,86,5,0,2,1
6.51,67,66,7,0,4,0
9.45,56,69,3,3,1,1
8.18,71,80,5,0,3,1
6.88,46,95,7,0,1,0
4.7,72,89,2,1,2,0
9.49,83,59,2,1,2,0
5.81,51,46,4,2,5,1
5.55,47,100,5,3,2,1
8.22,93,100,4,1,5,1
9.64,60,74,3,3,4,1
8.58,87,55,5,2,3,1
7.76,67,84,5,0,2,1
7.79,67,70,4,3,2,0
8.05,76,70,4,2,3,0
7.96,56,83,5,1,0,0
7.48,71,76,7,2,3,0
7.3,64,56,5,1,6,0
7.14,50,67,6,0,2,1
6.45,75,80,4,2,3,0
6.92,66,78,4,2,6,1
5.51,67,75,5,2,5,0
7.1,51,84,6,0,5,1
6.21,93,67,5,4,5,1
6.1,83,74,6,0,2,1
7.38,84,30,8,0,5,0
8.59,65,66,2,0,6,1
8.12,44,81,2,0,3,0
5.63,99,66,3,1,3,0
6.21,69,65,4,1,3,0
8.14,58,58,3,3,2,0
6.22,76,85,7,4,2,1
6.98,87,79,1,2,4,0
7.75,69,82,4,1,3,1
6.23,89,49,3,2,3,0
7.31,86,69,7,2,1,1
5.87,53,68,5,1,4,0
6.6,59,68,7,2,2,0
7.52,84,63,8,1,1,1
5.61,30,67,5,1,4,0
7.64,67,83,4,1,3,1
7.18,48,47,3,2,1,0
7.75,62,95,3,2,3,0
7.42,65,78,6,1,4,1
8.56,64,71,2,1,4,0
7.33,61,83,2,3,3,0
6.77,53,53,5,4,2,0
7.32,100,63,5,0,4,1
7.74,98,70,5,0,5,0
7.25,52,89,4,2,4,1
7.24,93,71,6,1,5,0
6.5,64,77,5,0,3,0
6.54,71,64,3,0,4,0
5.8,69,78,6,2,5,1
8.95,60,93,8,2,4,1
5.96,84,84,2,1,5,1
6.51,71,70,4,1,3,0
6.48,62,80,5,1,5,1
8.09,50,79,3,0,4,0
6.91,56,78,7,1,5,1
8.45,45,86,4,0,0,0
6.53,70,86,6,1,4,0
7.48,52,70,5,0,5,0
6.36,66,80,5,2,2,1
9.35,90,67,3,1,4,1
6.01,87,60,3,1,5,0
7.51,69,68,2,0,2,1
7.83,68,71,4,0,3,0
7.61,98,50,4,1,3,0
7.01,77,83,6,0,3,0
7.07,65,36,4,0,0,0
7.24,48,100,6,1,1,0
7.05,75,91,4,2,1,0
8.16,82,68,6,0,2,0
9.41,60,72,8,1,2,1
6.64,74,75,4,3,4,0
5.83,64,64,7,3,3,0
7.11,67,74,5,0,4,1
9.78,32,70,6,2,1,0
6.4,66,70,5,1,3,0
8.84,84,74,4,4,2,0
8.88,60,54,3,1,5,0
6.65,70,72,2,2,4,0
7.77,58,74,5,2,5,1
8.83,75,73,8,1,0,1
6.82,66,69,6,2,4,0
7.0,55,86,4,0,3,0
6.62,89,67,6,0,5,1
6.19,83,74,6,1,3,1
6.55,60,88,4,3,3,1
5.98,77,70,1,1,1,0
7.23,78,74,3,1,4,0
6.43,79,70,7,1,2,0
7.43,44,88,6,0,0,1
5.64,85,68,4,1,1,0
7.53,61,88,4,2,6,1
8.03,64,70,6,4,2,1
5.21,100,60,7,0,5,1
7.57,74,80,6,1,6,1
8.43,64,68,5,0,6,1
5.99,36,80,4,0,5,0
8.87,90,36,5,1,5,1
7.62,49,72,4,1,2,0
6.49,54,66,6,0,2,0
7.14,65,58,4,0,4,0
7.76,91,64,6,2,3,0
7.28,81,64,4,4,1,0
7.74,67,71,6,0,4,0
6.28,74,54,4,2,3,0
7.37,60,76,4,0,5,1
5.79,72,89,5,3,4,0
7.09,71,75,2,2,3,1
6.3,84,82,7,2,3,1
6.46,84,86,5,0,3,0
8.44,77,88,5,1,6,1
8.29,64,96,6,1,1,0
7.81,81,65,7,0,3,1
6.11,68,62,5,0,4,0
6.88,53,82,7,1,3,0
8.41,63,81,2,2,2,0
7.34,71,82,3,0,2,0
9.52,83,96,5,1,2,1
7.59,67,72,4,0,2,0
7.39,51,77,5,0,5,1
6.89,70,59,4,1,3,0
7.33,71,99,4,0,2,1
7.05,72,67,6,1,3,0
7.91,83,67,5,1,1,1
8.16,85,67,8,1,5,1
6.41,61,63,6,1,3,0
5.87,60,62,4,4,6,1
5.36,54,65,4,1,2,0
7.71,80,54,4,2,5,0
6.1,91,61,6,0,2,0
5.05,65,97,1,1,1,0
7.59,66,81,4,1,0,1
9.69,92,84,7,0,4,1
7.19,77,87,5,1,2,0
8.04,76,95,3,0,3,0
7.28,52,48,3,0,5,0
7.1,80,56,7,0,2,0
8.12,56,61,7,2,2,0
6.91,52,65,4,2,5,0
7.47,64,68,4,0,3,0
7.52,61,66,6,1,5,1
6.53,66,74,6,0,3,0
8.19,48,72,6,0,3,0
7.03,84,62,5,2,2,0
6.44,86,43,7,1,5,0
7.74,40,59,4,0,5,0
6.3,84,64,3,0,6,0
7.23,57,68,6,2,3,0
7.19,82,57,5,0,5,0
8.29,68,65,7,0,3,0
7.67,70,57,3,2,3,1
7.17,67,70,6,1,5,1
8.02,88,58,4,1,2,0
8.59,51,60,5,3,2,0
7.76,79,54,2,0,2,0
7.21,86,70,5,2,4,1
5.89,80,60,6,0,3,0
6.13,100,83,4,1,3,1
6.89,62,77,3,3,6,1
6.59,84,71,5,1,3,0
7.01,68,61,6,2,2,1
7.26,88,76,4,2,4,1
7.73,69,80,4,0,5,0
7.13,64,73,4,2,1,0
7.69,89,92,7,3,4,1
7.26,62,77,4,1,0,0
5.22,48,83,1,0,3,0
6.26,62,73,6,0,2,1
7.06,79,80,5,0,2,0
5.99,90,61,3,0,3,0
7.8,71,66,8,1,6,1
8.73,89,76,5,0,4,1
8.42,49,76,5,0,6,0
6.99,63,78,4,1,4,0
8.69,65,86,7,1,0,1
7.35,68,53,4,1,2,0
6.86,71,59,4,2,5,0
6.59,80,74,3,0,4,0
6.9,63,62,6,0,6,0
6.81,72,100,5,0,2,0
7.37,69,78,5,1,2,0
7.36,56,70,3,0,3,0
7.2,68,65,5,2,2,1
7.64,67,65,6,0,2,1
8.39,67,72,4,3,3,0
8.15,70,73,6,1,4,1
5.72,71,66,4,1,2,0
4.65,63,68,6,2,1,0
8.13,89,89,2,2,4,0
5.83,52,89,5,1,3,0
6.98,59,75,8,3,3,1
6.03,100,54,8,1,3,1
5.4,54,79,4,2,5,1
7.74,49,92,4,1,3,1
7.96,81,89,2,2,6,0
6.62,38,81,7,0,3,0
4.61,66,90,5,0,2,1
6.65,100,72,4,2,3,0
7.59,46,80,3,0,3,0
5.72,40,63,7,0,3,0
7.38,47,75,5,0,4,1
7.18,83,89,4,2,2,0
7.78,86,64,4,3,4,0
7.32,62,60,4,2,4,1
6.23,80,73,5,2,4,1
8.4,90,69,7,1,3,1
7.04,96,80,7,0,6,1
7.17,66,66,5,0,3,1
6.27,35,94,6,1,1,0
6.76,57,55,4,0,5,0
6.32,63,88,4,0,2,0
7.03,66,62,8,1,4,0
8.91,67,48,4,2,2,0
5.83,86,75,4,1,0,0
5.59,89,68,8,2,2,0
8.67,67,57,3,2,3,0
6.99,86,50,6,2,1,0
6.53,75,71,7,4,2,1
8.24,70,84,5,0,4,1
6.59,83,79,1,1,4,0
9.03,71,72,4,3,5,1
7.88,100,78,3,1,5,0
6.71,48,71,4,2,3,1
9.36,62,53,6,1,5,1
6.59,68,53,4,1,3,0
7.94,76,69,4,0,3,0
7.5,89,69,5,4,4,1
8.5,69,83,5,2,2,0
8.76,48,81,7,3,4,0
7.23,82,79,4,2,3,1
6.45,81,68,6,0,1,0
7.66,40,54,5,0,1,0
6.52,69,77,4,3,2,0
9.21,46,78,4,1,5,0
7.34,60,40,4,0,6,0
6.83,56,61,5,1,3,1
7.38,82,63,4,1,2,1
5.85,71,73,7,2,2,0
6.23,50,61,5,1,5,1
8.4,83,71,7,2,2,1
6.54,48,69,2,3,6,1
6.15,74,69,4,0,4,1
7.74,57,62,1,0,5,0
8.39,64,63,4,1,3,0
7.92,77,57,7,4,4,1
8.2,77,76,2,1,4,0
6.44,90,79,4,1,5,0
5.78,68,61,3,2,5,0
8.7,74,91,4,1,3,0
6.88,63,67,6,4,4,0
6.95,72,91,5,3,6,1
8.53,76,63,6,1,6,1
7.76,68,45,4,1,4,0
7.66,42,77,7,0,0,0
9.37,74,75,6,2,1,0
6.56,75,72,4,2,5,1
8.13,59,63,4,1,1,0
7.26,50,71,7,0,2,0
7.47,92,65,5,3,2,1
8.73,77,68,6,1,4,0
7.71,66,82,4,2,3,0
7.74,52,74,3,0,2,0
8.27,57,79,6,1,2,0
6.84,89,68,5,2,4,0
6.36,72,67,5,1,6,1
6.16,61,57,5,1,1,0
5.23,77,67,3,0,1,0
9.26,57,30,6,1,4,0
6.1,92,64,7,3,5,1
6.98,90,70,7,1,4,1
6.92,63,79,4,3,4,1
7.51,60,68,4,3,5,0
8.02,30,76,6,3,2,1
8.06,47,43,5,3,1,0
6.62,49,71,5,0,4,1
7.03,72,50,7,3,5,1
7.48,65,56,5,0,3,0
6.95,49,69,5,0,6,0
8.81,65,88,2,0,4,1
7.69,77,76,2,0,4,0
7.93,77,72,1,1,1,0
7.86,41,71,7,1,1,0
8.37,68,62,4,0,4,0
7.38,49,64,5,1,2,1
5.9,83,77,6,1,0,0
7.6,81,53,5,2,5,1
6.55,56,79,5,0,5,0
6.67,58,66,4,0,2,0
7.79,63,82,6,0,4,1
8.44,36,84,3,0,0,0
7.22,75,50,2,1,2,0
7.51,65,64,3,1,4,0
8.9,84,60,4,0,4,0
7.44,53,48,4,1,0,0
9.8,60,58,5,1,2,0
7.77,47,100,3,4,2,1
5.44,54,79,5,0,6,0
7.95,52,96,3,2,4,0
7.58,84,82,3,2,3,1
8.49,59,62,5,0,1,1
7.87,71,67,7,4,3,1
7.06,64,79,7,2,4,1
5.98,50,77,8,2,5,1
6.99,67,64,5,1,2,0
6.35,78,52,5,1,6,0
6.62,51,100,5,0,3,1
7.79,82,70,5,0,2,0
8.87,57,67,3,2,2,0
7.59,62,73,5,3,3,0
6.0,77,68,4,0,6,0
7.64,60,73,4,2,4,0
8.4,70,88,5,2,3,0
6.59,65,70,3,0,2,0
7.07,71,56,4,1,1,0
7.21,34,69,2,1,3,0
6.42,42,65,8,2,4,0
7.85,79,90,3,2,4,1
7.08,85,87,4,0,2,1
7.62,56,73,7,1,1,1
6.31,66,55,5,2,3,0
6.76,74,56,3,2,5,0
7.92,80,72,4,0,3,0
6.83,39,76,3,1,2,0
8.93,56,67,3,3,2,1
6.8,65,65,2,0,1,0
7.42,80,64,4,1,3,0
8.13,100,71,6,2,4,1
5.78,66,41,5,0,6,0
5.44,48,57,5,3,3,0
5.67,76,63,3,0,2,0
8.46,89,87,4,0,4,0
6.65,71,61,6,0,4,0
9.76,56,74,3,0,1,0
6.64,84,74,7,0,5,0
7.38,79,88,5,2,5,1
8.74,54,88,6,0,3,1
9.21,75,71,4,3,3,1
9.26,84,65,4,1,4,1
8.41,87,63,6,1,4,1
8.22,69,68,6,1,0,0
7.79,64,66,3,2,1,0
7.98,88,79,8,1,2,1
6.65,51,77,3,0,4,0
6.38,76,79,2,3,3,0
7.2,49,88,5,1,3,0
7.03,85,96,6,0,4,0
6.75,66,73,8,1,2,0
7.9,89,86,4,1,4,1
8.16,77,67,1,0,3,0
7.29,51,87,5,2,3,0
8.68,91,85,4,2,2,1
6.06,93,85,4,2,6,1
7.01,83,73,5,1,4,1
6.48,58,63,2,4,0,0
5.33,65,53,5,0,6,0
7.12,72,71,4,1,4,0
7.08,59,91,6,0,1,0
8.71,95,67,5,2,1,1
7.83,72,82,3,0,2,0
6.18,30,82,3,0,4,0
9.05,75,68,4,2,4,1
8.42,64,89,3,1,2,0
7.78,68,34,5,0,3,0
6.97,64,56,8,1,2,0
6.24,82,60,5,2,1,0
6.83,86,61,5,0,3,1
8.29,74,76,4,0,2,1
9.08,64,75,4,4,3,0
8.74,69,77,7,1,6,0
6.71,70,79,8,1,1,0
6.08,57,59,5,2,0,0
7.34,78,56,4,1,1,0
5.43,76,77,6,0,3,0
7.52,93,63,3,0,4,0
7.05,88,51,6,1,3,0
6.73,59,84,6,3,3,1
5.61,82,90,3,0,3,0
7.71,55,92,8,0,2,1
6.67,80,74,8,3,3,1
6.03,62,80,7,0,4,0
4.33,54,89,5,1,2,0
7.17,74,63,4,0,4,1
8.97,30,86,5,1,3,1
8.86,43,75,4,1,2,0
6.74,67,83,3,0,3,0
6.6,71,74,4,1,6,0
7.67,64,88,5,2,0,1
6.2,46,74,2,2,2,0
7.5,57,52,4,1,3,0
7.97,75,90,1,1,4,0
8.43,78,59,6,1,2,1
7.1,69,88,5,1,6,0
7.0,87,70,2,2,4,1
6.32,75,87,8,2,5,0
6.37,58,86,1,1,2,0
6.97,65,77,5,0,5,0
7.57,48,78,6,0,3,0
8.11,68,77,6,0,2,0
6.4,86,45,2,3,5,0
8.69,80,73,7,2,1,1
6.93,91,57,7,1,6,0
7.18,65,74,5,0,3,0
6.45,90,57,5,0,6,0
4.78,67,56,2,3,3,0
8.08,92,92,5,3,4,1
7.94,69,85,4,0,0,1
6.92,80,71,6,2,3,0
7.27,92,74,4,1,4,1
7.72,67,68,5,0,4,0
5.64,73,79,3,2,2,1
6.67,89,63,3,1,3,1
7.99,68,84,3,2,3,0
5.95,50,68,2,0,1,0
7.49,100,66,5,0,3,1
5.84,62,72,6,0,5,1
7.67,72,64,5,0,2,0
7.16,87,76,5,1,3,1
5.58,60,65,5,0,6,0
8.36,54,78,4,1,0,0
6.47,73,87,4,1,3,0
6.39,43,62,4,2,4,0
7.4,65,70,6,1,4,0
8.35,73,77,3,2,4,0
6.18,65,66,1,0,4,0
7.26,46,78,5,0,1,0
7.63,93,79,7,0,3,1
7.89,71,86,5,0,4,1
7.38,91,64,6,0,1,1
6.83,66,59,5,0,0,0
6.37,56,68,5,1,5,0
7.29,74,59,6,4,4,0
6.13,66,79,6,0,3,1
4.28,52,56,3,2,6,0
7.64,92,100,4,0,4,1
8.1,60,88,3,2,6,0
4.84,42,72,5,1,6,0
6.19,89,83,7,3,3,1
7.82,62,50,4,0,4,0
9.26,60,100,4,0,4,1
7.22,43,64,7,0,5,0
6.47,96,70,5,1,4,0
7.02,50,47,5,3,2,0
8.57,70,78,7,2,2,1
6.55,83,57,5,2,2,0
6.4,76,73,5,1,5,1
6.72,69,64,3,3,5,0
6.25,44,57,3,1,3,0
7.32,57,61,4,0,3,0
8.82,72,74,5,2,5,0
7.52,58,55,8,0,2,0
6.95,73,62,8,0,1,0
6.91,80,80,7,0,3,1
5.64,84,100,4,1,5,0
8.08,51,78,8,1,4,0
7.12,100,60,5,0,3,1
7.02,81,67,4,2,1,0
10.0,69,72,6,2,4,1
7.5,86,67,1,3,5,1
6.45,100,83,3,1,4,1
6.77,48,74,6,2,3,0
8.35,66,83,5,2,1,0
7.31,34,67,4,0,5,0
5.76,72,89,5,0,2,0
8.12,75,69,7,1,2,1
6.53,69,59,5,0,5,0
9.07,60,100,4,0,6,1
8.28,39,48,3,1,4,0
6.75,75,62,4,0,4,0
8.48,91,63,8,0,2,1
7.27,61,100,4,1,0,0
8.05,76,95,5,2,2,1
7.68,46,91,5,2,3,1
6.35,76,67,7,1,2,0
6.56,64,100,5,1,5,0
8.23,58,76,5,1,2,1
6.87,58,84,4,0,3,0
6.8,64,74,1,0,3,0
6.24,75,71,7,2,4,1
7.62,50,68,7,1,2,1
9.26,64,69,7,2,5,1
6.13,69,79,7,2,3,1
7.22,53,76,6,0,4,1
8.61,96,71,5,1,4,1
7.12,57,91,6,1,1,0
7.65,59,33,5,1,4,0
6.14,55,78,3,1,3,0
7.63,96,81,4,4,5,1
7.01,78,86,8,2,5,1
8.19,55,71,4,3,2,1
8.39,86,74,7,0,1,1
9.79,73,84,3,0,2,1
7.78,73,91,4,0,6,0
7.53,64,68,4,0,0,0
7.39,58,75,2,1,4,0
6.85,75,93,3,1,4,0
7.54,61,44,3,1,4,0
6.9,97,63,6,3,2,1
7.37,50,91,2,3,2,1
8.52,93,86,4,0,3,1
6.19,68,78,1,3,1,0
8.34,74,66,5,1,1,0
8.52,82,60,5,1,1,1
7.08,60,64,5,2,3,0
5.08,82,92,4,0,3,1
6.59,30,63,3,3,2,0
8.5,59,73,6,2,2,0
7.18,56,62,6,3,2,0
6.2,51,82,3,4,3,1
6.7,66,64,5,1,2,0
8.04,75,70,4,0,4,1
7.75,80,50,3,0,1,0
6.96,73,51,6,0,6,0
6.83,60,72,5,0,1,0
6.81,75,54,3,2,6,0
6.28,71,99,4,0,5,1
8.82,84,45,8,4,4,1
6.88,81,61,6,2,5,1
8.42,70,72,7,0,1,1
8.72,56,67,5,1,2,0
8.2,60,57,5,1,2,1
6.77,61,59,4,1,2,0
7.6,65,59,2,1,2,0
7.18,74,68,4,0,3,1
6.3,80,97,5,2,0,1
7.52,69,73,4,1,3,0
6.02,70,87,6,2,2,1
8.39,72,78,3,2,4,1
6.74,62,86,4,0,6,0
7.4,56,35,3,0,3,0
7.48,43,68,4,2,3,0
6.94,59,88,2,4,3,0
7.79,77,64,4,1,4,0
6.73,59,94,4,0,1,0
8.07,66,91,5,0,6,1
5.85,76,65,5,0,3,0
7.33,77,65,4,0,2,0
9.14,53,58,5,1,6,0
6.2,84,63,5,2,6,0
6.52,86,55,4,0,4,0
7.71,53,77,6,0,0,0
7.38,57,53,5,1,4,0
7.55,87,79,4,3,2,1
7.69,67,80,7,1,3,1
7.83,36,50,6,4,2,1
8.31,49,92,8,1,3,1
7.61,66,78,5,0,4,0
6.96,52,81,4,0,2,0
7.87,63,62,4,2,6,0
9.1,70,80,5,1,2,1
7.07,91,86,8,1,1,1
6.23,65,70,5,2,4,0
8.31,86,98,7,2,5,1
7.08,91,72,4,0,6,1
5.03,91,86,4,2,4,1
8.05,74,75,7,1,2,0
6.66,40,79,6,1,6,0
7.11,76,50,8,1,5,1
7.53,85,76,6,1,2,1
7.39,68,62,4,0,3,0
7.91,96,60,5,1,3,1
6.76,82,94,7,0,3,0
7.71,78,69,5,1,6,0
6.94,86,58,4,0,1,0
7.94,75,67,4,0,4,0
7.82,32,55,5,0,2,0
6.26,62,90,3,1,3,1
8.29,87,62,6,3,4,0
6.66,57,78,3,0,2,0
8.01,66,89,4,1,3,0
7.57,54,65,6,0,6,0
9.04,96,78,5,2,4,1
6.98,95,58,6,0,3,0
6.85,56,100,4,0,2,1
7.18,72,84,8,0,3,1
6.9,59,69,3,4,4,1
8.0,79,61,2,1,5,1
5.58,77,70,7,0,2,1
6.15,82,67,6,0,4,1
6.13,74,97,4,0,1,0
8.15,100,56,8,0,0,0
8.91,54,73,5,2,3,0
7.1,44,71,8,1,2,0
7.03,64,70,5,1,1,1
7.27,46,70,5,0,4,0
8.36,47,70,4,1,3,0
6.27,54,83,4,0,4,1
7.44,56,79,5,0,4,0
8.18,55,77,5,2,4,1
7.7,77,32,2,0,2,0
7.39,62,75,4,1,2,0
8.2,67,50,3,3,4,0
4.5,83,80,7,0,2,0
7.88,58,91,5,3,5,1
6.55,66,59,6,0,3,0
5.37,75,68,8,0,2,0
7.71,40,64,5,1,4,0
8.57,34,88,8,1,6,0
7.06,75,73,4,0,1,0
8.15,77,94,3,2,1,1
8.81,100,77,4,4,5,1
8.51,72,75,5,0,1,0
8.84,82,72,7,3,0,1
7.94,67,82,5,1,2,1
7.28,74,49,4,3,3,0
5.6,95,73,6,0,3,0
6.95,38,71,5,2,3,1
6.36,76,81,3,0,5,0
9.37,100,69,5,3,4,1
7.02,74,58,7,2,6,1
7.32,94,72,6,1,3,1
7.75,60,57,5,0,1,0
7.24,69,46,4,2,6,1
8.9,70,81,3,1,0,0
6.58,36,79,5,1,4,0
7.39,52,78,6,1,0,0
6.46,53,88,4,2,4,0
5.88,82,63,4,0,6,0
6.59,83,53,7,0,3,1
7.16,74,71,6,3,2,0
6.77,82,67,5,1,2,0
6.51,67,61,3,0,3,0
5.79,88,70,3,0,2,0
7.12,70,64,3,3,4,1
5.7,70,48,5,0,3,0
7.96,66,66,3,1,2,0
7.28,80,57,6,3,3,0
5.74,63,75,8,0,3,0
6.89,84,63,4,2,1,1
6.45,53,86,5,1,4,0
7.52,53,92,6,2,5,1
8.54,80,80,7,1,2,0
5.32,68,51,7,2,2,1
7.32,63,91,2,0,4,0
7.04,83,92,3,0,2,1
7.87,60,72,6,3,0,0
7.41,66,89,5,0,4,1
6.45,90,64,3,2,2,0
6.88,93,47,5,0,2,0
6.4,93,62,6,1,6,1
8.28,65,94,3,2,2,1
7.22,88,52,7,0,5,0
9.1,55,71,2,3,2,1
7.14,56,72,6,1,5,1
6.49,34,65,5,1,3,0
5.69,95,66,4,2,1,0
5.4,57,72,6,0,4,0
5.62,68,64,6,0,5,0
7.47,56,53,7,2,2,0
7.71,80,74,4,0,4,0
5.62,64,85,5,0,3,0
8.1,50,83,5,2,4,0
6.72,76,61,5,2,4,0
7.35,48,55,7,1,0,0
8.81,57,68,1,1,2,0
8.1,38,92,4,2,3,1
6.93,48,80,5,1,6,0
6.31,72,81,3,1,2,0
5.05,40,83,7,4,4,1
6.48,47,77,5,0,0,0
6.99,69,73,5,1,4,1
6.21,61,80,6,3,4,1
7.07,99,64,5,2,4,1
7.28,97,53,5,3,5,0
6.98,56,81,1,0,1,0
6.55,78,88,4,0,2,0
7.37,81,57,3,3,6,1
7.64,61,82,5,1,2,0
6.11,47,93,5,2,4,1
8.61,69,71,4,0,4,0
7.1,67,61,5,2,4,0
7.22,63,73,3,1,2,0
7.91,76,64,7,0,2,0
7.43,58,63,2,1,4,0
8.15,52,77,7,2,2,1
7.49,71,51,5,0,4,1
6.59,75,53,5,1,3,0
7.56,52,72,4,1,3,0
6.06,83,71,8,0,2,0
7.31,43,76,4,2,6,0
7.17,61,96,5,0,3,0
6.99,66,73,8,0,3,0
7.07,60,79,7,1,6,1
5.32,61,59,5,2,4,0
6.65,98,81,8,3,6,1
7.29,57,65,6,0,1,0
7.36,100,72,3,1,5,1
6.17,76,70,4,0,2,1
8.47,71,85,4,2,5,0
6.33,77,54,4,1,5,0
8.17,100,42,6,2,2,0
7.63,55,69,5,0,3,0
6.55,53,78,2,2,4,0
8.98,58,73,7,1,1,0
6.01,70,88,4,3,4,0
8.12,44,77,8,0,1,0
8.2,70,64,8,1,5,1
6.53,95,41,7,2,2,0
8.59,72,68,6,1,3,1
6.95,65,85,3,0,1,0
7.49,60,66,5,4,2,0
7.46,83,72,3,0,3,1
7.07,57,77,4,0,3,0
8.01,97,58,5,1,0,0
7.99,99,80,2,1,5,0
5.45,73,93,8,2,0,0
8.5,69,69,7,1,4,1
5.54,85,57,4,1,3,0
8.23,86,71,5,1,3,1
8.33,57,43,5,1,2,1
6.11,62,76,7,3,4,1
6.79,50,77,5,3,3,0
6.09,76,93,4,1,2,0
6.99,79,69,4,0,2,0
6.89,49,77,4,3,1,0
7.98,63,60,8,0,1,1
8.51,49,67,3,0,0,0
8.6,56,52,3,0,2,0
6.64,78,69,7,0,4,1
6.99,58,68,7,2,2,0
5.52,65,75,7,1,2,1
6.39,45,63,5,4,1,0
8.16,72,73,5,0,3,0
8.82,69,67,5,1,2,0
5.97,59,67,2,4,4,1
6.61,67,73,5,2,4,1
7.17,72,72,1,2,3,0
7.48,57,81,4,0,2,1
6.39,47,70,7,2,3,1
7.62,97,67,4,0,2,0
6.73,60,69,7,1,5,0
7.19,68,62,4,1,4,0
7.75,85,67,4,1,3,0
7.21,100,98,5,2,6,1
6.76,51,60,6,2,3,0
7.09,76,68,5,0,2,0
7.11,59,66,7,1,1,0
6.83,61,68,2,2,3,0
6.94,59,67,7,0,5,0
8.8,53,75,3,0,5,0
7.76,69,49,7,0,4,0
6.9,47,85,4,1,3,0
7.9,84,80,6,4,4,1
6.87,70,55,5,0,4,0
8.37,76,42,3,1,3,1
7.57,63,59,7,2,3,1
7.09,64,68,4,0,4,0
7.65,74,100,4,3,5,1
5.63,52,79,6,1,4,1
6.07,64,48,3,3,0,0
6.01,57,63,3,0,1,0
7.34,56,71,5,0,5,0
8.93,38,75,6,0,5,0
9.43,90,54,3,0,3,0
7.84,59,70,5,2,3,1
7.7,87,62,6,0,5,1
5.4,86,57,7,1,5,0
6.66,50,75,7,0,4,0
6.41,53,82,6,2,2,0
6.58,100,82,5,2,4,0
7.03,96,79,4,1,1,0
6.73,69,65,3,0,5,0
5.22,73,81,6,1,1,0
7.95,60,76,8,0,4,0
6.13,76,73,6,0,4,0
7.44,59,64,1,1,4,0
9.27,39,65,5,4,3,1
6.28,50,72,5,3,1,0
4.67,70,100,5,1,4,1
6.91,53,75,6,1,3,0
8.3,68,64,5,4,2,1
9.16,53,61,3,1,6,1
5.97,58,65,7,1,3,0
7.7,82,100,5,3,4,1
6.73,73,66,4,0,3,0
7.09,69,83,4,0,4,0
9.84,83,67,7,1,4,1
5.7,77,75,7,0,4,1
7.45,91,82,4,1,6,1
7.67,63,64,2,1,3,1
8.29,63,63,2,1,4,0
7.3,50,93,4,4,4,0
7.51,63,84,5,0,3,1
6.81,84,82,5,1,3,1
7.47,89,82,5,0,6,1
6.86,84,77,6,1,0,0
7.82,43,98,1,2,2,0
6.83,86,72,3,1,3,1
7.58,42,79,4,0,0,0
7.17,83,53,3,1,5,0
8.33,64,61,2,1,2,0
7.15,80,56,5,0,2,0
5.43,50,88,6,1,5,0
8.46,87,38,6,1,2,0
6.29,48,66,6,4,4,0
6.55,59,33,5,2,5,0
6.6,55,61,6,2,4,0
8.57,43,65,4,3,4,0
5.06,71,90,8,2,1,1
10.0,97,77,3,3,1,1
8.26,100,61,3,0,2,0
7.42,71,85,4,1,0,0
7.15,86,72,8,2,3,1
7.49,73,72,8,1,3,1
7.72,77,56,6,0,3,1
7.85,64,59,5,0,2,0
7.76,72,61,5,0,3,1
7.29,78,72,8,0,2,0
7.0,61,73,5,0,2,0
7.05,68,92,7,1,4,1
7.01,69,77,4,3,4,0
8.33,82,36,4,2,5,1
7.79,54,75,7,2,5,1
4.26,69,53,3,3,4,0
7.86,98,59,7,1,4,0
7.39,87,61,5,0,1,0
7.18,90,63,7,0,1,1
6.81,70,54,4,3,5,0
8.32,74,74,6,0,2,0
8.15,85,53,5,2,3,1
6.43,93,76,5,1,1,0
7.61,40,100,5,3,2,1
6.23,50,54,8,1,4,0
5.82,89,68,5,2,2,0
6.57,65,39,4,0,3,0
8.06,59,68,7,0,2,1
8.15,51,80,4,1,4,0
7.71,61,81,4,4,4,1
7.93,48,73,3,1,3,0
7.72,100,83,7,3,4,1
6.56,69,100,4,2,2,1
7.63,69,94,4,2,4,0
8.0,78,65,7,1,4,1
7.95,84,53,6,1,6,1
8.39,84,66,3,0,2,0
7.91,86,59,6,4,1,0
7.55,60,77,7,4,2,0
8.27,65,56,2,2,1,0
7.17,81,71,6,0,2,0
6.32,62,82,5,0,2,0
7.04,69,70,5,4,3,1
6.46,75,59,5,0,5,0
6.52,81,87,5,2,2,1
7.06,43,47,2,1,6,0
6.41,80,67,6,1,5,1
6.89,66,71,2,2,5,0
5.31,80,72,5,0,6,0
7.41,81,74,3,1,4,1
7.2,94,79,6,4,4,1
6.38,90,71,4,2,3,1
7.86,90,67,5,2,3,1
8.14,91,66,4,2,6,1
5.59,74,64,6,0,3,1
6.44,70,82,5,0,0,0
6.43,83,63,6,1,4,1
6.26,80,83,2,1,3,0
8.03,65,72,3,1,5,1
7.01,76,65,5,2,1,0
6.94,69,80,7,0,4,0
5.2,57,62,2,2,2,0
7.84,89,80,2,0,5,1
5.96,70,74,3,0,1,0
7.26,100,64,5,1,5,1
7.48,45,78,4,2,1,0
8.56,61,79,6,0,0,0
5.89,70,87,2,1,2,0
4.18,87,84,3,2,2,0
7.38,75,78,4,0,4,0
9.0,74,57,5,1,1,0
8.44,53,100,5,3,3,1
7.41,52,53,3,1,2,0
6.71,74,84,7,0,5,0
8.01,49,77,4,1,0,0
6.23,62,56,6,1,3,0
7.68,77,70,5,0,4,1
7.71,55,70,3,0,5,0
8.26,94,88,6,0,5,1
9.96,88,62,6,0,5,1
7.59,46,68,4,0,1,0
6.69,56,41,5,1,5,0
7.17,35,94,4,1,4,0
5.43,58,58,5,3,5,0
6.51,81,76,4,1,2,0
6.79,63,70,6,3,5,1
6.68,76,70,3,1,3,0
7.35,47,82,1,0,4,0
6.38,81,93,4,1,3,0
8.32,61,75,3,2,3,0
7.2,70,80,5,0,3,1
7.19,68,76,3,0,3,0
6.87,50,85,6,0,4,0
7.36,52,65,4,1,4,0
8.03,84,85,6,0,4,1
6.33,75,86,5,0,2,1
6.54,85,86,8,0,6,0
6.9,74,63,8,2,4,1
5.85,72,69,7,1,2,0
6.38,44,75,6,1,4,0
6.72,65,54,4,1,2,0
8.07,69,92,6,1,1,1
7.46,99,71,8,0,3,1
7.39,80,75,1,1,3,1
8.05,93,64,5,0,2,0
7.06,78,54,3,1,2,0
7.59,59,64,5,1,6,0
7.1,71,74,5,0,2,0
7.47,73,80,5,0,2,1
6.62,55,74,5,0,6,1
4.76,64,76,8,0,2,0
7.07,66,67,5,0,4,0
8.62,94,78,6,4,2,1
8.13,38,91,4,1,3,1
8.17,88,81,4,1,3,1
8.44,55,82,5,2,6,1
7.29,49,75,4,1,3,0
7.4,87,52,4,3,3,1
6.58,80,58,5,3,6,1
6.88,88,77,5,2,6,1
7.82,82,71,5,4,1,1
8.4,100,77,4,0,5,1
7.06,78,93,4,1,3,0
6.75,67,81,5,3,3,1
7.2,75,88,3,1,3,0
7.8,88,73,4,4,3,1
5.76,58,61,2,0,2,0
4.9,60,71,2,1,3,0
6.65,65,61,4,4,3,1
5.98,38,92,1,1,2,0
6.69,72,82,4,2,3,1
7.05,41,78,5,0,6,0
6.75,70,88,2,2,4,0
8.65,82,45,4,3,3,1
7.53,62,79,7,1,5,1
7.5,95,54,6,0,3,1
7.82,48,71,4,0,1,0
6.06,87,67,7,3,3,1
8.24,80,80,4,2,2,0
7.12,44,74,2,0,4,0
7.87,100,89,8,0,6,1
6.13,69,64,7,2,3,0
5.65,56,81,5,2,3,0
8.02,48,74,5,0,3,0
7.58,66,50,5,0,2,0
6.3,68,60,3,2,4,0
6.33,71,70,3,1,4,0
8.33,65,86,5,4,1,1
6.01,79,78,7,1,5,1
8.84,64,56,1,2,2,0
6.3,40,70,6,1,6,0
7.84,67,98,2,3,3,1
6.87,34,73,5,1,4,0
7.8,75,67,5,0,1,0
6.66,55,78,5,0,2,0
7.04,72,81,2,3,5,0
7.24,89,66,4,1,3,0
6.2,55,78,5,1,5,1
7.94,85,67,2,1,3,1
6.69,63,81,3,0,6,0
6.97,96,74,5,0,6,0
6.21,64,78,5,0,3,0
4.64,57,62,3,1,3,0
7.01,80,61,5,2,5,1
9.61,63,84,7,2,2,1
7.98,57,70,1,3,5,0
7.18,62,75,5,1,3,1
6.94,69,68,2,2,4,0
7.22,90,83,1,0,1,1
7.75,40,64,3,0,4,0
6.02,70,70,4,0,2,0
8.31,79,82,6,1,5,0
7.92,72,87,4,0,3,1
7.92,89,65,5,0,2,1
7.64,68,97,4,1,6,0
7.22,67,76,4,1,4,0
7.87,78,58,5,1,6,0
7.79,71,76,6,1,3,0
6.85,64,67,6,0,4,0
6.63,77,77,6,0,4,1
7.3,60,71,4,0,4,0
8.75,60,72,6,0,0,0
5.96,62,60,3,1,2,0
5.73,90,84,6,2,5,1
7.36,30,56,7,0,3,0
7.25,75,57,1,1,6,0
7.37,70,76,4,2,2,1
7.44,44,92,5,0,6,1
6.98,74,67,6,0,4,0
8.69,77,81,3,1,4,1
5.6,78,85,8,1,3,1
6.37,30,82,5,1,5,0
7.1,90,67,3,2,3,0
5.56,58,57,1,0,4,0
7.02,80,43,6,1,1,0
8.86,81,68,2,0,4,1
7.22,56,87,3,2,5,0
7.43,79,57,5,3,2,1
5.94,64,81,5,0,4,0
6.58,38,59,5,0,0,0
6.82,87,73,4,0,6,1
6.88,58,81,6,0,6,0
8.48,57,63,8,0,3,1
7.76,63,74,4,1,1,0
6.09,74,66,6,4,4,1
7.45,69,81,7,1,0,0
7.7,78,75,5,0,3,0
8.34,49,72,5,0,2,0
8.78,58,92,3,0,3,0
6.18,68,80,5,0,0,0
6.39,98,63,5,2,1,1
5.94,68,70,6,0,0,0
6.97,86,71,8,4,4,1
7.67,70,73,2,1,3,1
8.19,62,100,2,1,2,1
7.12,66,76,2,1,4,0
6.88,67,45,6,2,5,0
7.35,79,64,3,1,2,0
6.36,90,46,5,0,5,1
9.29,75,67,4,0,4,0
5.59,87,46,5,3,0,0
7.38,55,60,3,0,3,0
9.22,63,52,7,1,3,1
7.21,59,76,5,1,4,0
7.01,74,72,7,0,2,0
6.84,64,75,5,0,6,0
7.02,80,70,3,0,4,0
8.57,56,53,3,2,3,0
4.99,70,78,8,1,1,0
8.73,80,96,6,2,2,1
5.78,39,77,2,2,3,0
6.93,100,66,6,0,3,0
6.77,65,53,4,1,4,1
7.79,39,60,4,2,4,1
5.6,72,77,3,1,2,0
7.66,70,85,6,1,3,1
9.22,68,75,2,2,0,1
5.84,84,82,4,0,3,0
7.39,81,81,4,2,4,1
6.54,74,78,3,0,3,0
7.63,76,63,5,1,5,0
7.22,68,74,1,0,6,0
6.56,96,60,4,2,4,1
7.69,47,72,7,1,1,0
9.0,72,76,4,1,3,1
7.01,70,93,4,2,0,0
7.92,82,54,5,3,4,0
5.91,57,78,5,2,5,0
6.24,43,91,6,0,4,1
7.67,72,81,3,3,4,1
8.68,74,82,7,1,4,1
7.56,92,79,6,1,5,0
6.89,50,88,6,3,2,1
7.2,87,57,3,0,5,0
5.95,100,53,1,0,4,0
7.8,64,71,5,1,2,0
8.08,50,43,7,2,6,1
6.75,63,87,5,1,6,1
6.73,70,87,3,1,3,0
7.47,78,66,3,1,5,0
6.76,61,67,5,1,2,0
7.13,93,71,6,2,3,1
9.3,53,72,3,0,2,0
6.95,43,73,1,2,3,0
6.84,86,79,4,2,3,1
6.55,35,69,5,1,2,0
7.94,66,84,6,0,4,0
7.02,100,77,6,0,1,0
6.55,69,64,5,2,1,0
8.52,53,89,3,0,3,0
8.62,69,54,5,1,3,1
6.6,69,70,8,0,2,1
5.33,72,84,7,1,2,0
8.21,79,62,7,2,2,0
6.52,54,76,4,2,2,1
7.99,95,79,6,1,3,1
5.23,73,60,7,2,5,0
8.09,80,71,5,2,2,1
5.99,60,69,4,0,4,0
7.93,89,64,8,0,1,0
7.21,66,100,5,3,3,1
6.25,74,62,3,2,2,0
6.79,56,85,3,1,6,0
7.89,55,66,5,0,3,0
7.31,80,57,4,2,4,0
7.78,63,73,3,1,4,1
9.18,57,80,6,2,1,1
5.64,60,83,6,4,6,1
8.82,80,92,6,4,2,1
7.3,60,100,3,3,0,0
6.3,68,75,5,0,2,0
5.87,70,63,1,3,2,0
7.01,41,77,4,0,1,0
8.12,47,68,4,3,4,0
7.07,75,84,6,0,2,0
8.71,58,55,4,1,4,1
5.75,85,100,1,0,0,0
7.19,84,83,4,2,6,1
5.95,80,50,5,0,2,0
7.56,97,62,7,1,4,1
8.09,68,82,7,2,4,1
6.78,79,87,3,2,2,0
4.6,61,55,3,0,1,0
7.4,100,81,3,1,2,1
7.64,99,46,6,0,2,0
7.6,70,70,1,2,2,0
8.44,75,86,3,4,4,1
6.13,90,64,5,2,3,0
7.88,67,52,4,0,3,0
8.39,60,73,3,1,0,0
5.42,83,64,4,4,5,1
7.52,71,80,4,0,2,0
6.7,72,60,5,1,3,0
7.12,57,61,8,1,1,1
7.55,44,45,3,2,1,0
6.71,73,74,4,3,4,1
6.52,83,69,7,0,4,0
7.23,66,56,7,2,4,1
6.11,91,74,4,1,3,1
6.11,59,85,5,0,6,0
7.88,54,69,3,0,3,0
6.05,68,75,6,1,3,1
7.87,68,75,8,0,2,0
7.66,81,56,5,2,1,1
5.47,58,98,5,0,3,0
6.52,90,65,3,0,2,0
8.39,99,80,5,0,3,1
6.22,69,81,5,0,2,0
6.74,88,70,5,1,5,1
7.66,54,79,1,1,6,0
7.98,86,75,5,2,2,1
6.95,85,53,5,4,5,0
6.6,82,67,3,2,5,1
8.62,69,64,3,0,6,0
8.94,30,65,4,3,2,1
8.18,60,55,6,1,4,0
7.29,60,86,5,1,2,0
6.39,55,92,6,1,4,1
6.37,71,84,4,0,4,0
7.72,63,88,7,3,4,1
7.62,57,67,6,0,2,0
8.6,54,63,4,1,5,0
7.85,59,61,3,0,3,1
5.7,86,80,4,2,2,0
8.25,60,74,8,2,3,1
6.2,62,70,4,0,5,0
6.82,63,88,4,2,6,0
7.45,75,77,3,2,4,1
9.2,76,61,6,1,0,0
10.0,30,63,4,1,1,0
7.81,85,80,4,1,1,1
7.02,91,85,4,0,1,0
7.73,54,79,4,2,3,0
8.09,55,96,4,1,2,1
6.88,63,93,5,1,1,0
9.0,58,77,6,3,5,1
7.43,73,61,6,0,4,0
7.7,40,54,6,0,4,0
7.87,53,66,3,0,3,0
7.62,93,81,6,0,3,1
8.04,56,95,3,0,2,0
6.58,88,77,3,4,3,1
6.64,75,87,7,0,4,1
6.1,42,68,6,2,3,0
7.64,79,80,5,0,5,0
7.98,68,82,7,1,5,1
7.66,63,46,8,4,3,1
8.87,73,66,5,0,2,1
7.19,77,84,5,2,6,0
7.87,80,75,6,4,4,1
6.11,87,56,4,1,4,0
6.81,76,40,3,0,4,0
7.9,49,67,6,2,1,0
8.05,62,71,4,2,1,0
6.91,100,60,3,0,2,1
7.13,80,73,4,1,1,0
5.68,100,78,4,0,3,1
6.84,90,80,8,0,2,1
8.09,73,41,5,3,5,1
7.78,74,54,5,1,3,0
7.7,69,68,8,0,3,1
7.25,43,79,7,1,1,0
7.21,70,78,5,0,3,1
6.54,88,78,7,0,1,1
7.9,61,67,4,1,4,0
7.62,76,67,4,1,5,1
7.69,82,62,4,0,3,0
6.67,56,81,5,0,1,0
5.05,63,60,5,1,4,1
8.3,54,83,5,2,2,1
6.72,57,74,5,3,2,0
6.34,50,71,1,0,3,0
7.89,56,63,2,1,6,0
6.81,91,54,5,3,2,0
8.26,56,63,3,1,5,0
7.82,71,67,5,3,1,0
7.88,62,41,5,3,1,0
5.83,87,69,5,0,4,0
8.41,89,84,4,0,2,1
7.46,82,79,5,0,2,1
6.83,74,65,6,0,1,0
7.34,66,72,8,3,2,0
5.42,52,64,6,3,2,0
7.61,99,73,5,0,4,1
6.17,58,92,3,1,4,0
5.85,79,84,5,1,6,0
5.68,85,78,7,1,4,0
8.31,61,65,3,1,4,0
6.57,85,81,4,3,4,0
8.73,81,50,3,0,5,0
6.66,95,68,6,0,2,1
5.49,62,79,4,0,2,0
6.08,50,81,2,1,4,0
8.44,62,80,7,0,2,1
7.04,73,75,5,1,5,0
6.65,70,69,4,1,3,0
7.36,64,78,4,2,2,0
7.7,41,59,4,1,4,0
8.32,77,61,5,0,2,0
8.65,99,72,4,2,6,1
6.84,76,74,5,2,6,0
5.87,79,48,6,0,4,0
6.79,78,77,5,0,1,1
7.46,75,82,4,2,2,1
6.24,83,70,5,0,3,0
6.24,75,100,6,0,5,1
7.54,65,63,2,1,2,0
7.15,58,67,2,0,1,0
7.23,66,66,5,0,1,1
6.44,74,71,5,1,3,0
6.97,65,67,3,2,5,0
6.28,74,53,6,2,0,0
8.09,76,64,5,4,2,0
8.24,82,70,7,0,4,1
5.35,89,87,3,0,5,0
6.27,71,100,6,2,5,0
5.7,50,89,3,1,4,0
6.55,64,61,5,0,1,0
7.12,70,62,5,0,3,0
5.75,42,69,4,0,6,0
6.28,90,95,6,1,6,1
6.2,72,69,1,0,4,0
7.41,75,54,5,4,4,1
7.27,90,65,3,0,6,1
6.48,60,81,6,4,3,0
7.38,78,80,2,2,1,0
6.65,68,69,6,1,4,0
6.93,67,80,6,2,6,1
8.87,58,42,6,2,4,0
8.54,94,73,3,0,5,1
5.9,64,83,5,0,3,0
8.03,80,61,1,1,1,0
8.01,41,61,6,1,2,0
6.05,87,47,6,1,6,1
8.02,85,92,5,1,3,1
8.74,71,62,6,1,0,1
6.08,66,75,3,1,6,0
6.28,76,79,5,1,3,1
8.22,100,91,4,1,5,1
7.47,43,69,8,3,3,1
7.75,81,64,7,1,1,1
7.54,56,74,6,2,4,1
7.59,69,88,7,1,6,1
5.87,66,69,4,1,0,0
8.25,63,59,7,1,5,1
8.37,69,51,4,0,2,0
6.97,52,56,6,4,3,1
7.16,85,83,6,0,3,1
5.67,43,67,1,1,5,1
7.71,78,64,4,0,3,0
7.77,65,62,1,0,3,0
7.14,52,73,8,2,5,1
8.32,73,68,3,1,0,0
6.87,46,68,5,2,1,0
7.76,70,89,6,0,0,0
6.18,48,91,3,0,4,0
7.18,76,51,5,0,3,0
7.03,56,76,5,1,5,1
7.43,63,61,3,2,3,0
6.83,74,68,6,1,2,1
7.07,58,76,4,1,5,0
8.03,69,69,3,4,2,0
6.76,47,74,5,0,6,0
5.59,79,80,4,1,2,0
8.95,96,75,7,1,2,1
8.58,100,63,7,0,3,1
5.91,71,63,5,0,1,0
7.89,81,53,4,0,0,0
6.7,43,60,4,3,3,0
7.46,92,97,4,1,2,1
7.49,81,61,5,2,0,0
6.97,62,56,6,1,2,0
6.42,88,76,4,1,3,0
6.51,66,70,3,2,3,0
6.28,63,69,5,3,1,1
6.37,77,90,2,0,3,1
7.13,54,79,6,0,4,0
6.48,85,65,5,2,4,1
7.88,54,66,5,4,3,0
8.69,54,65,4,4,1,0
6.62,56,83,7,1,3,1
7.44,81,67,3,0,5,1
7.7,60,48,7,0,3,0
7.67,49,71,4,3,2,0
7.28,60,52,7,1,1,0
7.94,69,100,6,0,6,1
7.68,52,59,3,3,4,1
5.96,52,69,6,0,2,0
8.07,100,75,5,2,2,1
8.09,57,68,2,1,5,0
6.44,65,68,3,0,2,0
7.24,64,77,5,0,3,0
7.88,63,91,5,0,4,1
6.99,79,81,6,1,3,1
8.27,84,91,6,1,0,1
9.56,65,58,5,0,2,0
6.41,51,76,6,4,5,1
5.82,89,74,5,0,3,0
7.5,68,76,4,0,5,0
7.92,95,89,7,0,3,1
6.97,36,69,1,0,6,0
8.65,72,66,4,4,5,0
5.86,98,78,6,0,3,1
7.89,64,48,4,1,2,1
6.59,66,68,1,3,4,1
8.92,74,70,2,1,4,0
9.19,61,60,5,1,3,0
6.43,65,85,8,3,5,0
6.65,64,58,5,2,2,0
8.06,60,70,5,0,2,1
6.81,88,75,4,1,4,1
7.15,76,89,4,3,2,1
7.23,73,71,1,1,3,0
5.28,82,84,4,2,6,0
7.19,66,81,4,4,4,1
6.51,58,73,3,2,6,0
6.71,60,57,3,0,4,0
8.64,70,53,6,0,4,1
5.94,54,73,7,1,3,1
8.01,62,64,7,0,1,1
6.92,62,83,5,4,3,1
6.92,100,81,2,1,2,1
7.99,30,69,6,1,6,0
7.54,67,56,3,2,2,0
7.77,95,78,5,1,2,0
8.17,71,58,6,1,4,0
6.87,81,62,6,0,3,0
6.59,71,59,8,1,0,1
6.11,59,70,6,3,1,1
6.37,36,87,5,2,5,0
10.0,73,71,4,1,3,0
8.44,58,66,7,0,1,0
5.85,57,52,3,2,3,0
5.88,62,79,7,3,2,0
7.68,96,61,4,1,2,1
7.75,100,73,3,2,6,1
7.75,73,67,6,1,3,1
6.95,63,82,1,1,0,0
7.07,52,69,6,2,6,0
7.53,77,71,4,0,4,1
7.29,96,78,7,1,2,1
4.98,66,99,5,0,3,0
6.97,34,83,5,0,5,0
6.35,80,70,4,1,3,1
7.38,84,72,2,0,3,0
10.0,46,65,6,1,3,1
7.57,72,59,3,0,3,0
6.89,76,64,4,2,4,0
8.12,68,61,5,0,3,1
7.68,58,80,5,2,0,0
7.62,85,58,3,1,5,0
7.81,63,89,3,4,1,0
9.26,47,81,3,3,3,1
6.07,39,72,7,0,3,0
7.67,88,72,2,0,4,0
6.27,79,64,8,2,3,0
7.76,71,75,3,1,4,1
6.28,63,86,3,0,1,0
6.78,62,62,5,0,4,1
6.9,53,52,2,1,5,0
8.18,63,81,5,3,5,1
8.12,38,76,7,3,3,1
5.95,58,57,2,0,2,0
7.25,65,62,6,1,2,1
6.49,79,60,4,0,2,0
5.94,69,62,3,1,3,0
6.98,81,67,3,2,2,1
6.89,90,68,7,2,6,1
9.63,85,63,3,1,5,0
7.63,77,62,7,0,0,0
5.82,70,69,5,1,3,1
6.64,55,74,2,3,4,1
8.22,81,67,5,0,2,0
9.29,95,87,6,0,3,1
5.61,75,78,6,2,3,1
5.32,98,51,5,2,2,0
9.07,47,78,7,3,4,1
7.59,52,79,3,1,6,0
6.33,82,66,7,1,3,1
7.73,73,52,6,1,3,0
4.56,89,72,6,3,2,0
7.2,69,71,6,2,5,0
7.53,56,57,5,2,5,1
8.12,66,53,5,0,2,0
6.19,47,70,5,2,5,0
7.29,53,68,4,1,2,0
6.27,84,66,5,0,1,0
7.46,83,70,4,0,4,0
6.3,75,57,4,2,3,0
6.79,44,66,4,1,3,0
6.2,64,78,3,3,4,0
7.85,51,67,4,2,1,0
8.06,87,50,7,0,2,0
6.97,61,65,4,2,3,0
7.24,53,58,6,0,2,1
5.75,70,75,3,1,0,0
6.9,60,76,4,1,1,0
7.15,92,50,3,3,5,0
9.82,58,81,3,1,5,1
6.09,49,57,5,2,2,0
8.66,37,92,5,2,2,1
8.2,69,71,3,1,4,1
7.48,61,55,5,1,6,1
8.96,48,57,7,2,2,0
7.57,87,76,3,0,5,1
7.59,80,66,1,3,3,1
7.15,69,70,5,2,6,0
8.42,90,92,2,0,1,1
8.3,79,62,8,4,6,1
6.57,57,72,5,0,3,1
5.88,54,90,5,3,6,0
7.0,82,75,4,0,3,1
6.4,75,51,5,2,3,0
7.14,72,78,3,1,5,1
8.44,57,56,7,2,4,0
6.74,79,90,5,0,4,1
7.16,58,61,3,0,3,0
7.26,68,100,5,0,4,0
8.05,91,91,3,3,6,1
4.95,60,61,1,0,0,0
6.59,46,72,5,2,3,0
7.41,54,81,5,2,5,1
8.4,84,82,5,3,4,1
6.71,73,77,3,0,5,0
5.32,68,88,5,3,5,0
7.82,62,70,2,0,4,0
6.56,77,67,5,2,4,0
6.01,57,67,5,2,6,1
6.58,74,83,5,0,5,1
7.02,59,76,7,0,5,0
6.6,56,75,7,1,1,1
4.99,60,82,8,1,2,1
8.1,64,45,8,3,3,1
8.47,69,76,6,1,4,1
7.85,73,74,8,3,2,1
6.06,30,93,7,1,1,0
7.0,57,52,6,4,2,1
7.19,64,92,2,2,4,1
7.8,92,72,2,2,5,1
7.87,53,78,6,0,5,0
6.47,72,93,5,1,3,0
7.28,92,79,6,0,3,1
7.66,50,77,4,0,3,0
8.66,75,75,4,1,3,1
7.9,57,65,6,2,4,0
7.99,62,71,7,0,3,1
7.28,57,62,3,1,0,0
8.61,59,71,7,1,3,0
7.61,100,41,6,0,2,0
6.34,82,77,4,1,0,1
8.6,86,70,4,2,3,1
7.9,77,67,2,0,2,0
6.76,45,74,1,2,3,0
6.72,75,53,5,1,2,0
7.5,86,97,3,2,4,1
7.66,57,70,3,0,6,1
7.4,84,70,6,2,3,1
7.51,80,59,5,0,4,0
8.9,97,72,5,1,5,1
8.27,63,90,3,0,3,0
7.39,53,85,6,3,2,1
8.14,64,83,7,2,2,1
6.17,91,79,5,0,3,0
7.6,42,67,7,0,4,0
9.01,38,53,6,0,0,0
6.98,71,69,6,0,5,0
6.35,63,68,6,1,1,0
6.55,70,85,3,2,5,1
6.11,84,76,4,3,6,1
6.42,61,92,2,4,6,0
6.83,41,87,1,2,5,0
5.79,100,66,3,0,1,0
7.22,55,48,7,1,4,1
8.1,54,90,4,1,2,0
6.29,86,89,8,1,5,1
8.72,64,54,5,1,2,0
7.71,69,91,4,4,2,1
8.23,77,76,5,3,5,0
6.54,86,74,3,0,0,1
8.05,64,92,8,0,2,0
6.11,92,89,6,2,3,1
8.09,37,80,1,2,4,1
7.37,81,78,7,0,4,1
7.75,57,80,6,2,4,1
6.02,90,66,3,2,5,0
6.3,72,71,5,1,1,0
7.8,59,60,5,0,3,1
6.25,79,67,3,3,4,1
7.66,83,67,6,2,4,1
5.83,79,63,3,0,3,0
8.05,54,73,5,2,0,1
5.97,62,67,1,2,1,0
7.75,69,78,8,3,1,1
7.83,69,50,6,0,2,0
6.5,81,70,3,4,1,0
7.78,39,73,4,0,3,0
7.46,75,67,3,1,2,0
6.66,65,69,6,2,4,0
6.19,57,51,2,1,5,0
5.24,58,76,6,1,3,0
7.55,66,80,7,3,3,0
5.64,30,78,5,1,6,0
7.3,59,85,3,1,3,0
6.94,56,74,4,0,6,0
7.88,77,78,5,0,1,0
6.9,57,74,5,0,5,0
6.87,66,80,5,4,3,0
7.93,93,51,5,2,0,1
7.54,84,60,4,4,6,1
7.52,83,92,7,0,6,1
7.67,62,40,3,2,3,0
5.66,78,70,5,0,6,0
7.96,66,87,6,2,1,0
7.81,67,70,2,1,4,0
6.18,76,66,6,0,2,0
6.96,61,73,6,1,2,0
7.16,92,67,5,0,4,0
7.07,67,72,1,2,3,0
7.53,79,63,3,2,0,1
8.63,91,86,4,2,3,1
8.28,85,90,4,4,2,0
5.89,48,70,8,1,4,0
7.82,76,53,5,1,2,1
8.53,82,65,4,2,5,1
7.59,83,69,7,1,2,1
8.29,53,78,6,0,3,0
9.21,60,58,4,2,2,1
8.22,84,62,4,0,4,0
7.45,58,78,3,0,1,0
8.25,65,84,8,0,3,1
7.34,93,63,5,0,2,0
7.22,69,54,7,0,5,1
6.85,59,100,4,0,1,0
8.76,56,82,7,1,5,1
6.38,74,68,2,0,2,0
8.73,50,83,8,0,1,1
7.7,66,70,7,2,2,1
5.8,74,83,4,0,1,0
7.57,89,74,6,0,3,1
5.1,80,73,6,1,6,1
7.83,59,70,7,0,0,0
8.09,87,53,4,0,3,0
6.61,65,97,5,1,3,0
7.32,51,59,7,2,2,1
9.15,67,54,6,1,2,0
6.69,91,69,4,3,5,1
6.14,72,59,6,1,0,0
8.68,70,71,2,1,4,0
9.16,94,80,6,0,2,1
7.2,48,84,3,2,3,0
8.21,50,82,4,0,3,0
8.54,45,68,5,1,2,1
6.46,75,72,4,1,1,1
6.71,72,77,5,2,1,1
8.43,93,49,5,3,2,1
8.89,73,79,4,3,5,1
7.76,63,53,3,0,1,1
6.32,70,98,6,0,4,0
9.19,71,66,4,2,2,1
6.67,44,69,5,1,5,0
6.86,100,61,5,1,3,1
7.54,77,63,7,2,2,1
8.75,73,100,6,1,6,1
8.05,79,84,2,4,2,1
7.61,80,51,6,1,3,1
7.66,67,91,8,1,3,1
7.24,60,87,5,1,3,1
7.76,78,68,8,2,6,1
4.67,75,75,5,1,5,0
6.9,57,71,5,1,5,0
7.44,91,97,4,4,6,1
6.05,74,61,5,1,3,0
7.59,80,73,3,1,1,0
7.0,90,66,3,2,4,0
8.96,70,53,1,2,3,1
8.77,74,100,4,0,2,1
6.73,82,56,4,1,3,0
7.05,59,74,5,2,6,1
7.13,70,49,4,1,2,0
6.75,71,66,8,2,5,0
7.4,55,77,4,1,3,0
6.44,100,61,4,4,1,0
6.07,48,79,3,0,5,0
7.82,50,68,4,0,6,1
7.83,89,87,2,1,2,0
6.4,80,89,5,1,2,0
8.1,54,64,6,0,3,1
6.57,79,72,3,0,5,0
7.45,92,74,4,2,0,0
8.02,69,80,1,1,2,0
7.17,100,72,6,1,4,1
7.65,44,74,6,2,3,0
6.68,80,68,2,2,2,1
7.0,87,73,4,1,5,1
6.99,83,88,8,1,5,1
6.45,66,80,4,1,6,0
7.02,65,81,5,3,2,1
5.65,76,81,4,3,5,0
6.71,82,70,5,0,4,1
6.92,79,76,8,0,2,0
6.94,85,57,8,0,4,1
6.96,54,88,6,1,0,0
7.14,66,35,4,1,4,0
7.68,55,70,5,2,4,0
8.07,64,86,4,0,4,1
6.55,85,54,8,2,2,0
6.0,71,77,6,3,4,1
6.16,100,63,4,2,2,0
6.71,72,67,1,0,6,1
6.85,70,84,5,1,4,1
6.43,71,74,8,1,1,1
5.9,60,45,5,3,2,0
6.74,69,59,3,1,4,0
7.38,86,84,1,1,3,1
7.8,71,77,4,1,4,0
6.64,58,94,7,1,2,1
6.79,56,93,8,2,4,0
6.27,63,67,7,0,2,0
7.17,71,100,6,1,3,1
6.35,87,72,5,0,6,1
7.77,49,59,5,0,4,0
5.41,65,63,5,2,0,0
6.84,72,42,6,0,6,0
7.5,42,92,4,0,2,0
7.38,57,92,5,2,4,0
9.89,59,58,3,2,3,0
7.55,58,69,4,0,2,1
6.2,72,73,6,1,2,0
7.1,67,59,7,0,2,0
5.42,61,49,5,0,5,0
7.12,76,69,2,1,5,1
6.37,95,67,7,0,3,1
8.12,94,66,6,4,1,1
6.65,41,74,4,0,5,0
7.08,78,90,5,2,3,1
6.56,67,68,4,2,3,0
8.94,72,74,5,4,3,1
6.88,64,81,7,1,3,1
9.03,71,79,3,3,3,1
8.01,72,64,3,4,4,1
7.68,61,73,1,0,3,0
7.57,56,79,4,1,5,0
7.59,63,57,3,0,2,0
5.27,73,88,3,1,3,0
6.92,78,90,1,1,2,0
8.05,82,62,3,0,4,0
7.15,62,74,4,2,1,0
5.79,74,80,2,0,2,0
7.15,84,64,5,2,5,1
8.9,87,78,5,0,2,0
8.45,69,74,3,2,4,0
7.14,66,52,5,0,6,0
8.15,72,77,8,0,3,1
6.83,52,57,7,2,2,0
5.5,67,84,1,0,2,0
6.28,81,63,6,1,5,1
8.76,79,69,4,3,3,1
6.93,65,89,2,0,4,0
6.96,73,78,4,2,4,0
6.9,57,57,4,0,3,0
9.1,80,58,5,0,4,0
8.83,68,64,5,0,2,0
9.42,65,77,6,4,3,1
7.04,64,76,4,0,4,0
7.5,69,61,4,3,2,0
5.68,63,56,4,4,2,0
8.68,79,75,4,1,4,1
6.03,64,69,8,1,4,1
7.42,93,100,6,2,3,1
6.1,91,72,8,1,4,1
6.61,56,95,5,0,3,0
6.36,71,56,4,1,5,0
6.59,60,51,4,2,4,1
6.66,65,57,5,2,2,0
6.65,100,87,4,0,3,0
8.03,65,94,6,0,4,1
6.1,75,61,5,3,5,1
7.42,78,66,4,0,2,0
8.42,54,56,6,2,3,1
6.69,57,48,7,0,1,0
6.48,51,81,4,2,2,0
6.97,56,74,5,3,4,0
8.38,30,72,2,0,1,0
7.39,78,53,5,0,4,0
6.67,100,93,2,1,5,1
7.68,72,65,1,0,6,0
6.1,48,78,5,1,2,0
7.88,60,53,4,2,4,0
7.61,63,69,6,0,6,1
6.89,54,75,7,1,1,0
6.36,82,76,3,2,3,0
6.31,82,74,6,1,5,1
7.73,52,78,5,0,2,0
8.43,80,57,3,2,6,0
6.56,92,74,5,2,3,0
7.66,98,73,5,1,1,0
5.11,100,75,5,0,3,1
6.62,56,72,7,0,2,0
7.17,100,55,5,2,2,1
6.29,64,54,8,2,3,0
6.26,61,43,5,2,3,0
6.53,74,82,3,0,3,0
7.49,61,82,5,1,1,0
7.01,75,82,3,2,5,1
4.96,50,75,5,1,3,0
5.08,66,44,5,0,5,0
6.59,89,58,5,1,5,0
7.66,69,74,3,2,2,0
4.45,72,73,5,0,0,0
6.7,77,69,3,1,5,0
6.67,87,76,5,1,4,1
8.59,45,72,6,1,1,0
6.81,78,73,8,2,4,1
7.58,65,63,3,1,0,0
7.34,72,84,5,0,0,0
5.07,85,66,5,0,3,0
7.97,52,54,7,1,1,1
7.42,54,61,5,0,6,1
7.71,40,67,3,1,5,1
10.0,61,84,4,2,4,1
5.12,89,71,5,0,1,0
8.92,68,69,6,1,2,1
6.91,49,55,7,1,3,0
7.49,62,82,3,0,3,0
7.15,47,63,8,1,2,0
6.78,53,70,2,3,3,0
6.63,75,91,8,1,3,1
7.53,52,78,7,1,6,1
5.68,86,50,5,0,6,1
7.95,68,48,6,0,3,0
6.78,71,71,2,0,4,0
6.07,65,56,2,2,1,0
6.75,81,80,3,1,2,1
8.46,81,72,3,0,5,0
6.66,75,74,5,2,4,0
7.56,78,62,3,0,2,0
6.47,66,94,7,0,3,1
7.96,78,100,4,1,6,1
7.89,64,68,5,0,2,0
9.05,70,76,5,1,2,1
7.02,65,73,4,0,6,0
7.87,63,68,4,1,3,1
7.3,59,61,4,3,3,0
8.5,77,57,6,3,2,1
6.48,89,57,5,2,5,1
7.95,87,77,4,3,5,1
7.01,51,65,6,1,3,0
7.14,89,38,2,1,0,1
7.29,65,77,5,1,3,1
7.45,79,71,4,2,2,1
7.08,56,89,6,1,1,1
7.41,72,76,7,0,3,0
8.78,74,52,6,2,1,0
8.19,47,43,4,2,6,1
8.07,79,62,3,2,0,0
6.74,90,63,6,0,3,0
6.31,67,84,5,0,2,0
8.16,90,71,2,0,4,1
8.08,67,86,6,1,1,0
8.67,82,54,4,0,3,0
6.6,36,84,2,1,4,0
6.97,100,81,7,0,6,1
5.56,92,45,5,0,4,0
6.81,65,89,4,2,1,0
8.2,40,73,6,3,1,0
6.73,74,77,7,0,4,1
7.84,48,60,1,1,2,0
7.01,76,88,5,0,3,0
7.52,76,56,6,0,6,0
6.05,55,82,3,2,5,0
7.29,86,82,5,2,5,0
4.21,82,59,3,2,5,0
7.01,84,97,6,1,4,1
5.57,70,75,6,3,4,0
8.41,48,80,3,0,3,1
7.98,84,52,6,0,6,1
7.67,65,99,6,0,2,1
8.72,49,56,4,2,3,0
6.25,90,85,5,0,2,1
8.95,100,59,1,0,1,0
8.13,69,63,7,1,3,1
6.96,100,82,5,0,3,1
8.34,71,85,5,0,3,1
6.09,64,55,5,0,3,0
6.38,60,86,5,0,3,0
6.59,94,85,7,2,1,1
6.67,58,59,5,1,3,1
6.14,81,92,7,0,5,0
8.42,61,53,5,0,2,0
6.94,63,63,3,2,3,0
7.55,85,78,7,1,3,0
6.63,64,60,5,2,5,0
5.38,63,75,5,1,4,0
7.47,86,75,8,0,1,0
5.29,93,69,2,4,5,0
7.13,79,82,4,1,5,0
5.83,60,69,4,0,4,0
9.19,62,75,5,1,3,1
8.11,71,86,6,0,4,0
7.31,74,82,8,0,3,1
8.46,55,82,5,3,4,1
6.35,80,57,6,3,5,1
7.74,71,78,7,0,5,0
7.4,44,60,5,1,3,0
7.46,56,55,4,2,5,1
8.47,62,71,5,0,1,0
7.93,68,60,8,1,1,0
7.49,98,82,8,2,3,0
5.55,73,82,5,2,4,1
6.24,57,47,7,2,2,0
7.08,73,61,3,2,3,0
7.29,64,53,4,4,1,0
6.07,74,65,8,0,4,0
9.61,78,77,3,3,5,1
8.72,88,68,3,0,4,0
7.8,69,64,4,0,3,0
7.27,94,88,5,0,6,1
6.99,83,42,5,2,4,0
6.25,59,88,4,0,5,0
7.28,100,64,7,2,4,1
7.46,74,70,7,1,6,1
5.96,57,65,4,0,5,0
7.53,94,92,4,2,3,1
7.04,100,55,6,3,3,1
5.29,69,72,5,2,4,0
6.34,62,78,4,0,3,0
6.79,67,51,4,3,4,0
9.09,80,60,4,2,2,0
7.76,89,70,4,1,3,1
5.86,78,60,5,0,3,0
7.69,71,61,5,1,5,0
5.65,92,67,6,3,4,1
8.28,65,80,6,0,1,1
6.73,85,67,4,0,2,1
7.11,65,86,6,3,0,1
8.53,76,59,1,0,0,0
5.91,68,55,5,3,2,0
5.8,69,97,6,0,4,1
6.62,64,63,5,1,5,0
8.24,90,54,5,0,3,0
5.68,59,49,5,3,3,0
4.37,58,85,7,2,4,0
6.75,100,67,5,3,6,1
7.75,84,68,6,2,5,1
8.4,34,69,8,0,1,1
6.74,61,85,6,0,2,1
6.79,42,69,5,1,0,0
8.35,55,100,2,1,4,0
5.33,30,73,4,3,4,0
6.81,67,85,5,1,2,0
7.39,52,82,6,2,5,1
7.65,70,71,4,4,3,1
6.69,45,64,8,0,6,0
7.23,71,76,4,3,0,0
4.71,63,78,6,1,1,0
6.54,92,64,4,2,2,1
7.65,91,74,5,0,0,0
6.22,81,88,6,0,4,1
7.26,65,98,4,0,1,1
7.65,99,83,3,4,4,1
6.86,46,96,5,2,1,0
7.37,48,63,5,0,2,0
6.24,68,81,6,4,5,1
6.99,100,89,8,1,6,1
7.81,66,60,2,3,3,1
7.36,67,65,5,0,6,0
6.61,48,94,5,1,4,0
7.42,84,59,8,2,3,1
7.91,84,54,7,0,5,1
5.15,81,91,6,1,2,1
8.36,60,87,5,1,2,0
6.86,59,77,3,0,4,0
7.63,50,71,4,0,3,0
8.4,71,66,5,4,1,1
5.83,53,75,6,0,1,0
6.49,52,92,5,0,4,1
6.91,63,75,6,1,4,0
6.42,62,100,4,2,3,1
8.93,61,60,6,2,5,1
6.34,76,71,3,2,3,1
6.64,71,67,3,0,4,0
7.4,65,57,3,1,5,0
6.0,72,70,7,2,5,1
6.8,55,77,2,3,3,0
7.52,71,78,6,1,4,1
6.87,72,100,4,0,3,0
7.11,47,78,5,1,4,0
6.67,84,86,7,0,2,0
5.69,56,72,5,2,3,0
7.52,71,93,3,0,2,0
8.95,87,100,4,0,0,1
7.22,83,78,7,1,3,0
7.43,70,59,4,1,5,0
7.89,64,64,5,1,0,0
5.93,84,75,5,1,2,0
8.9,80,77,4,2,3,1
7.4,60,81,3,1,4,1
8.83,58,77,5,1,2,1
6.47,38,72,6,0,1,0
9.02,72,63,4,1,3,1
7.98,68,77,6,1,5,0
7.75,87,96,7,1,0,1
7.43,75,85,7,2,2,1
6.95,90,78,3,1,4,0
8.4,59,85,4,2,1,0
7.34,87,67,7,1,2,1
5.23,62,65,3,1,3,0
6.08,81,62,1,2,6,1
7.01,48,70,7,0,2,0
7.51,73,66,4,1,3,1
7.14,40,87,4,1,3,1
8.42,65,65,4,0,5,0
5.25,76,61,6,1,1,0
7.34,62,97,4,1,3,0
5.38,54,66,7,4,5,0
7.96,82,73,5,3,6,1
7.11,68,77,5,0,4,0
7.62,62,57,4,1,3,0
6.34,70,88,4,0,3,0
8.48,100,80,5,0,3,1
8.24,87,92,4,2,4,1
7.78,87,63,7,0,4,1
7.07,76,73,5,0,5,0
7.78,72,72,5,3,3,1
6.49,34,75,4,2,4,0
8.06,59,53,6,2,5,1
8.85,62,73,4,3,6,1
8.27,41,53,4,2,4,0
6.47,52,76,7,0,4,0
7.56,40,44,5,1,3,0
5.91,69,47,5,1,2,0
7.77,82,82,5,0,1,0
7.65,86,64,6,2,3,1
5.33,76,59,4,1,2,0
6.04,55,88,2,0,3,0
6.92,41,76,6,0,4,0
6.9,43,83,3,0,3,1
5.99,50,69,6,3,0,0
7.59,56,100,3,1,1,1
7.45,67,64,4,1,1,0
7.01,54,94,2,1,2,0
6.44,75,71,5,2,6,1
8.25,66,50,5,2,2,1
8.86,70,78,3,1,2,0
6.72,87,76,4,3,1,1
6.59,52,58,7,4,4,1
7.69,76,60,4,4,4,1
6.84,69,71,6,2,2,0
7.06,64,76,7,3,5,1
7.94,83,39,8,1,5,0
5.29,83,85,7,3,2,1
8.52,55,65,4,3,3,1
7.27,67,54,8,3,3,1
6.79,74,84,6,2,2,1
7.11,65,71,6,1,5,1
7.16,78,87,1,0,1,1
5.47,74,77,8,0,3,0
8.69,97,71,6,2,3,0
7.24,47,70,6,0,3,1
7.64,68,78,3,1,5,0
8.15,56,66,4,1,2,0
6.18,79,60,8,1,1,0
7.67,45,79,5,3,4,0
6.93,75,70,4,2,2,0
8.05,60,72,6,2,1,0
5.07,58,86,3,1,3,0
7.1,48,70,4,2,2,0
6.6,63,72,4,0,3,0
7.63,86,64,4,0,2,0
7.67,69,77,4,3,1,1
6.49,79,76,3,2,3,1
6.49,94,83,3,2,0,1
7.09,73,64,5,1,6,0
6.3,61,66,7,1,2,1
8.04,77,82,5,1,4,1
6.83,61,75,4,0,5,0
4.29,62,60,3,1,2,0
6.83,47,88,6,1,4,0
6.16,83,49,8,1,5,1
5.57,64,82,4,1,2,0
5.96,72,55,4,4,6,0
7.31,54,96,5,2,0,0
8.53,76,51,6,3,2,0
7.51,58,86,5,1,4,0
6.59,67,70,5,1,2,0
7.66,83,67,6,0,4,1
6.74,81,74,8,0,5,1
6.51,69,80,3,1,6,1
6.05,43,60,8,1,3,0
5.45,100,61,4,2,6,0
6.81,96,80,6,1,3,1
7.36,80,49,5,3,2,0
7.1,58,64,5,4,3,0
6.78,68,100,5,0,4,0
6.25,61,59,4,1,3,0
7.81,88,86,3,2,3,1
5.88,73,64,5,0,3,0
7.98,58,78,5,0,3,1
6.2,62,80,3,2,6,0
6.45,86,86,7,4,3,1
5.73,94,69,3,2,2,1
6.7,92,97,4,1,4,0
8.18,81,64,3,1,2,1
7.72,66,75,5,1,5,1
8.18,30,75,4,1,1,0
7.72,74,57,5,1,2,0
6.1,69,68,3,0,1,0
6.87,72,74,2,3,1,0
6.42,70,66,6,2,4,1
8.53,50,100,5,2,3,0
6.0,78,61,4,3,5,1
8.09,79,87,2,0,3,0
8.09,80,83,7,0,2,1
9.03,84,71,3,2,4,1
6.79,79,60,7,4,4,1
7.91,63,62,5,1,4,0
9.48,68,65,4,0,4,0
6.58,71,48,6,2,2,0
5.66,71,58,7,0,4,0
5.32,84,52,4,1,3,0
7.91,79,89,4,0,3,0
5.32,100,80,4,3,6,1
6.83,100,82,7,1,3,1
7.64,71,79,5,3,4,1
7.39,30,74,4,0,3,0
7.63,88,90,3,1,1,0
7.42,61,64,4,3,3,0
8.48,57,73,4,0,3,0
6.25,64,81,4,1,3,1
6.52,63,54,5,1,3,0
6.43,79,100,3,2,5,0
8.03,46,72,4,0,0,0
8.1,53,73,5,1,2,0
7.65,75,88,4,2,5,1
8.38,79,83,2,1,6,1
6.02,79,72,3,0,3,0
8.87,58,73,3,2,5,1
8.72,55,52,6,1,2,0
7.94,62,64,5,0,2,0
8.98,73,78,2,1,5,0
5.54,92,77,4,3,5,0
6.68,39,87,4,0,2,1
6.46,66,70,5,1,1,0
7.92,50,53,5,2,1,0
6.15,45,85,5,0,2,0
7.96,84,90,4,0,4,1
8.57,78,83,3,1,3,1
7.9,76,69,6,2,3,1
7.48,83,85,7,0,3,1
6.21,62,100,7,2,5,1
6.35,63,73,2,2,1,1
8.45,100,54,6,0,4,1
7.98,66,64,6,1,6,0
7.16,81,80,7,4,2,1
6.78,70,51,4,0,5,0
5.17,42,74,6,1,4,0
6.13,39,76,2,1,0,0
9.11,61,91,5,0,2,1
5.92,85,89,4,0,4,0
7.39,81,83,6,0,3,1
8.21,83,43,7,0,3,0
5.95,55,83,4,0,2,0
7.38,94,81,5,2,4,1
8.14,55,75,3,4,2,1
7.21,73,49,4,0,3,0
10.0,69,61,4,1,3,0
5.53,67,56,3,0,4,0
8.26,90,45,7,0,1,0
7.03,59,71,3,0,2,0
7.97,49,61,5,1,2,0
7.64,70,100,7,3,1,1
6.47,64,69,7,1,2,1
7.43,100,88,6,1,4,1
5.34,80,51,3,0,4,0
7.8,63,65,6,0,4,1
7.5,54,73,4,3,3,0
7.84,41,60,7,0,1,0
8.26,54,66,6,4,6,1
7.57,71,69,6,0,2,0
7.35,91,68,3,1,4,0
6.32,86,96,5,4,5,1
6.49,73,76,6,0,4,0
8.39,65,78,7,1,2,1
8.64,74,79,1,2,2,1
6.96,62,79,7,0,0,0
7.25,95,70,2,2,4,1
6.3,67,67,5,0,4,0
8.37,68,74,5,0,4,1
7.87,36,87,3,0,0,0
9.14,67,86,2,3,5,1
6.32,82,68,6,0,4,1
6.82,53,81,4,0,1,0
7.43,58,69,3,1,2,0
7.85,81,72,6,0,4,1
6.98,47,65,6,1,3,0
6.33,85,69,5,0,1,0
8.08,62,89,3,2,1,1
7.92,64,73,1,1,4,0
6.28,53,73,6,1,2,0
8.56,75,53,5,0,2,0
8.37,100,67,5,1,5,0
7.33,81,68,6,2,4,1
7.28,57,61,4,0,4,0
7.75,87,72,3,0,3,0
6.34,65,66,7,0,3,0
7.23,90,73,5,2,4,1
5.05,82,73,5,4,6,1
8.08,30,59,7,0,2,0
5.64,54,66,7,0,2,0
8.7,84,73,5,0,1,0
6.87,72,87,4,0,4,0
6.99,54,75,8,1,3,0
6.57,60,63,5,3,1,0
6.91,41,77,4,0,3,0
8.62,68,94,5,2,2,1
4.71,100,83,4,1,2,1
8.48,82,79,7,2,6,1
7.54,100,81,5,1,4,1
5.99,83,90,6,0,0,0
6.12,85,85,6,3,2,1
8.88,99,79,6,0,0,0
6.25,75,85,6,1,4,1
6.05,67,57,7,3,3,1
8.34,85,52,4,0,6,0
7.54,91,74,3,1,4,0
6.26,62,72,6,2,3,0
7.42,59,64,5,4,5,0
6.17,72,82,3,2,4,0
8.3,82,47,3,0,2,0
8.26,81,65,3,2,3,1
7.73,48,65,6,2,3,0
7.56,98,50,6,2,3,1
8.96,60,91,3,3,2,1
7.2,66,54,6,0,2,0
6.02,56,64,4,0,2,0
7.65,100,83,6,1,0,1
9.29,73,80,5,4,5,1
6.19,57,57,6,1,4,1
6.84,82,80,4,4,4,1
7.62,81,75,4,3,3,1
7.15,67,100,6,3,4,1
6.22,82,77,2,3,6,1
8.32,57,70,8,3,3,1
9.52,62,60,5,2,4,1
7.4,39,62,4,2,3,0
6.3,50,61,5,0,5,0
5.65,97,89,3,0,5,1
7.46,94,72,5,0,5,0
8.3,70,79,8,0,0,1
7.68,94,91,4,0,2,1
7.2,67,41,6,3,1,0
6.61,66,88,4,2,3,1
6.11,70,72,5,0,3,0
8.03,68,77,3,2,2,1
8.11,66,61,5,1,4,0
5.65,87,62,8,0,2,1
8.79,72,78,3,3,5,1
7.77,80,100,5,0,2,0
8.6,85,85,5,2,3,1
5.86,75,88,5,0,4,1
5.83,55,69,5,1,4,0
7.05,49,64,5,2,1,0
7.7,72,61,1,0,5,0
9.0,67,65,7,4,3,1
7.91,71,45,6,0,5,1
6.96,69,62,3,1,5,1
6.17,100,64,4,3,3,1
8.43,50,69,6,3,5,1
6.24,40,73,8,0,5,1
8.83,74,76,8,0,6,1
6.92,64,71,7,2,5,0
8.79,74,64,3,0,5,1
7.88,78,46,7,1,3,1
7.06,89,64,7,2,2,1
6.68,47,59,4,1,5,0
6.86,61,78,4,0,4,0
7.63,76,83,5,1,2,1
7.28,81,84,5,3,2,1
6.61,100,81,4,1,4,0
7.03,84,70,1,2,3,1
7.28,69,65,3,0,1,0
5.07,56,62,4,0,1,0
7.66,61,52,4,0,4,0
6.22,61,84,6,1,2,0
6.05,79,69,3,0,3,0
5.51,73,55,7,1,4,0
5.41,50,61,7,2,4,1
5.84,63,60,7,2,2,1
6.49,83,72,6,0,1,0
9.15,75,85,3,2,3,1
6.67,78,67,4,2,4,0
7.38,75,42,3,0,1,0
7.6,94,69,8,0,3,1
7.33,73,69,4,1,5,0
7.12,64,69,5,1,6,1
6.0,56,63,6,0,3,0
8.65,73,74,7,0,1,1
9.01,33,72,6,0,2,0
5.52,67,71,5,4,2,1
6.18,66,77,5,2,2,1
6.92,49,66,5,1,3,0
6.24,56,65,3,3,3,1
7.71,82,89,7,1,1,1
6.47,73,79,5,2,5,1
9.37,71,82,2,0,4,0
8.39,74,87,7,1,3,0
7.41,71,78,5,0,6,0
8.23,88,84,7,1,4,1
8.31,71,51,7,0,6,1
6.64,48,74,6,0,2,1
6.38,94,69,2,0,2,0
7.28,75,93,4,1,3,1
8.06,61,84,7,2,3,1
7.34,51,63,7,1,2,0
5.62,75,76,5,2,4,1
6.4,68,74,4,2,0,0
7.13,93,77,3,1,4,1
7.12,64,58,8,0,3,0
9.17,57,76,3,3,4,1
5.81,83,69,3,0,3,0
7.71,83,75,5,2,6,1
8.69,72,62,4,1,2,1
9.47,80,64,7,1,6,0
6.8,69,87,1,0,1,0
7.69,73,58,1,1,4,0
7.77,87,59,5,3,3,1
7.4,79,71,5,2,5,1
7.1,67,61,3,3,4,0
7.64,90,60,5,0,5,0
4.67,34,73,4,1,1,0
7.88,100,52,7,0,5,1
7.33,44,58,1,3,2,0
6.98,60,98,8,0,0,0
9.25,69,77,5,1,2,1
6.53,67,62,3,3,3,0
6.8,85,77,2,1,4,1
9.19,54,79,5,1,2,0
6.37,73,84,4,0,1,0
6.65,61,70,4,1,4,0
7.05,74,84,4,3,6,1
8.04,69,45,5,1,4,0
7.41,71,58,5,0,4,0
5.91,61,74,2,0,3,0
6.67,62,76,5,0,4,0
6.59,74,60,6,1,6,0
7.12,84,75,3,0,3,0
7.63,61,63,7,1,3,1
7.62,56,68,5,1,5,0
5.42,79,85,8,2,6,1
8.26,69,83,3,0,1,0
7.45,82,59,8,2,3,1
8.58,56,58,5,1,4,1
7.64,43,66,5,1,3,0
8.3,62,71,5,4,3,1
7.67,58,63,1,0,4,0
8.55,68,85,7,1,2,0
7.72,60,76,5,0,2,0
7.1,81,77,3,1,6,0
9.47,65,55,1,1,4,0
8.09,72,87,2,0,5,0
7.77,72,35,5,2,5,0
5.92,72,82,5,1,4,0
5.91,69,84,5,2,5,0
7.49,77,66,4,0,2,1
7.35,58,88,5,0,4,1
6.59,90,71,5,2,3,1
7.34,66,72,1,0,4,0
8.79,50,76,4,2,2,0
7.9,72,100,2,0,2,0
6.06,57,89,7,0,2,0
7.09,79,81,6,2,4,1
6.4,100,60,8,2,6,1
6.81,58,73,4,1,6,1
6.79,74,61,7,3,2,1
6.72,43,82,5,2,2,1
5.94,76,73,5,1,0,0
7.07,56,57,3,4,3,0
6.64,60,73,6,2,5,1
4.27,53,60,7,1,5,0
9.25,80,73,4,1,2,1
8.29,85,60,3,3,2,1
6.82,70,72,5,0,2,0
7.22,57,81,8,0,3,0
6.03,93,71,6,0,5,1
8.9,58,66,4,0,4,1
9.1,37,74,4,0,4,0
7.36,76,81,4,2,3,0
8.22,53,57,7,2,2,1
7.38,84,75,6,0,2,1
5.86,64,89,5,2,0,0
6.79,79,79,4,1,4,0
7.33,91,72,7,1,5,1
6.75,51,80,5,1,4,0
6.98,61,77,8,3,1,1
7.11,68,81,5,0,4,0
7.12,93,45,6,0,0,1
7.25,60,51,6,0,1,0
6.14,61,85,4,2,3,0
6.48,77,52,8,2,3,0
5.92,61,77,1,0,5,1
8.18,72,67,6,0,4,1
5.09,46,59,8,2,2,0
8.35,100,76,4,2,2,1
8.59,49,74,5,1,2,1
6.9,65,99,5,2,1,0
4.6,69,63,6,4,2,1
6.84,98,90,7,0,4,1
7.14,50,76,5,1,2,0
6.19,99,63,6,0,5,1
6.68,81,82,4,2,3,0
8.73,76,79,3,1,2,0
7.86,55,72,4,0,3,0
6.28,78,75,5,2,4,0
5.6,59,64,3,2,3,0
6.87,88,61,5,0,0,0
6.99,55,81,4,0,6,1
7.7,68,69,6,0,1,0
6.66,61,70,2,1,6,1
7.71,55,75,5,2,0,0
9.14,81,75,5,1,4,1
8.02,78,53,7,1,3,1
7.15,88,88,6,2,3,1
7.02,43,73,6,1,1,0
6.84,85,69,7,1,2,0
8.38,100,77,5,1,4,1
6.57,63,75,4,3,5,1
7.25,98,81,7,0,3,1
7.25,66,78,6,0,3,0
6.7,49,81,4,0,1,1
5.83,65,89,6,2,4,1
7.52,85,83,7,1,2,1
7.14,57,69,8,0,1,0
7.7,60,57,8,4,4,1
6.67,78,93,4,3,3,1
8.42,70,68,4,4,0,1
6.32,78,65,3,0,1,0
8.91,73,49,4,3,4,0
5.45,77,76,7,0,1,0
7.63,63,73,4,0,5,1
7.68,73,52,5,1,2,1
6.4,56,77,5,1,1,0
7.62,89,65,6,0,4,0
8.48,60,100,3,1,3,1
4.98,86,64,4,2,2,1
7.7,66,66,4,1,3,1
4.71,73,60,4,1,0,0
6.23,62,88,8,0,4,1
8.83,54,67,6,3,3,1
6.62,43,62,5,0,4,0
6.03,54,81,7,1,4,0
7.0,65,54,4,0,4,0
9.27,73,80,6,3,4,1
5.37,85,95,3,0,4,0
6.15,63,79,6,1,3,1
8.7,56,80,5,1,3,1
9.06,48,83,3,3,1,0
7.1,77,94,4,0,4,1
5.96,90,87,4,1,4,1
9.3,88,77,6,0,2,1
8.79,80,83,2,4,5,1
7.88,79,60,5,1,3,0
6.39,95,82,6,1,3,1
7.15,74,58,5,1,0,0
7.04,79,67,6,0,3,1
7.53,65,31,3,0,4,0
8.65,49,77,5,1,1,0
8.08,59,63,7,4,3,0
6.12,69,86,5,1,6,1
8.58,70,77,5,3,4,1
7.51,98,86,6,0,3,1
7.89,71,57,4,3,3,0
8.67,87,85,6,1,0,1
6.09,63,99,7,1,6,1
7.16,65,81,1,1,6,0
6.67,50,82,7,2,4,0
5.63,58,74,3,2,1,0
7.55,77,65,5,1,2,0
9.71,70,81,7,1,2,1
5.36,84,52,6,0,3,0
7.17,72,66,7,0,2,0
7.84,64,48,7,0,4,0
7.32,100,62,4,1,3,1
7.09,68,80,5,1,0,1
5.9,87,78,4,2,4,1
7.43,63,72,4,2,2,0
6.44,80,74,4,0,5,0
5.01,83,47,6,2,3,0
8.39,73,67,5,0,2,1
8.16,34,63,6,2,0,0
7.25,70,63,6,0,6,0
7.43,88,79,1,2,4,1
8.27,77,60,5,1,3,0
7.42,76,64,4,1,1,0
8.1,44,44,5,2,4,1
6.9,59,68,6,0,2,0
8.51,76,57,5,0,6,1
7.52,76,73,7,1,6,1
7.39,88,59,6,2,4,1
5.93,67,73,5,1,6,0
7.49,76,70,6,0,1,0
6.37,70,93,2,1,2,0
6.56,55,78,1,1,2,0
6.38,36,48,3,1,1,0
6.13,76,55,4,3,6,0
9.32,72,72,4,1,1,1
8.53,60,59,8,0,5,0
9.12,45,33,5,0,4,0
5.98,79,89,5,1,3,0
7.27,66,81,4,2,0,1
5.91,78,78,4,0,0,0
6.5,97,64,4,4,2,1
6.28,37,77,5,0,3,0
8.44,59,62,5,1,3,0
6.8,66,74,5,0,3,0
8.27,91,60,5,3,4,1
7.8,45,91,6,2,3,0
9.5,99,51,3,0,2,0
5.72,72,88,6,3,5,1
8.46,68,72,5,0,2,0
8.35,67,65,5,2,2,0
6.23,63,74,4,2,4,1
8.21,85,81,4,2,6,1
7.54,53,89,4,3,5,0
6.97,75,76,8,3,1,0
6.38,64,60,5,4,3,0
6.48,58,72,8,0,1,0
9.25,100,95,5,0,6,1
7.2,76,89,3,1,2,0
7.98,79,83,5,2,2,0
6.41,87,82,2,1,5,0
6.42,48,81,7,0,6,0
8.28,96,87,6,2,4,1
5.85,32,66,6,4,1,0
6.78,58,54,5,1,3,1
7.23,63,72,5,0,5,0
7.31,78,61,8,0,3,1
7.02,73,58,4,0,1,0
7.6,67,62,6,2,2,0
7.89,69,100,5,3,5,1
7.93,55,73,8,0,3,1
6.21,47,76,6,1,4,0
6.92,80,56,8,2,3,1
8.39,80,48,5,0,3,1
8.09,93,61,3,1,6,1
5.83,58,90,5,2,2,0
7.55,80,76,6,2,4,1
5.22,65,79,6,1,2,0
7.25,87,81,1,2,1,1
9.1,85,64,5,0,4,0
6.25,73,90,4,0,5,0
6.37,64,63,7,0,4,0
7.96,84,90,3,1,2,1
5.66,79,77,5,0,2,0
6.57,59,48,4,0,5,0
7.8,50,62,4,2,2,0
6.57,65,48,7,1,5,0
6.96,92,87,4,0,2,0
7.94,87,71,3,0,6,1
7.62,53,43,2,1,5,0
7.47,52,76,5,0,0,0
6.86,89,65,5,1,4,1
7.57,52,52,4,2,2,0
7.08,77,93,5,0,2,0
7.66,60,73,2,0,3,0
6.7,94,68,7,0,3,1
7.02,58,66,6,0,2,0
6.21,87,52,8,4,3,1
7.16,72,55,7,1,2,1
6.39,73,88,4,1,0,1
6.09,40,65,4,2,3,0
7.46,36,72,6,0,3,0
7.41,66,45,3,0,4,0
7.98,73,54,4,2,4,1
6.77,53,79,3,3,5,0
7.61,53,76,5,1,3,1
7.75,78,94,5,1,0,0
7.64,78,89,3,2,4,1
6.37,67,69,1,0,4,0
7.35,81,78,6,0,3,0
7.56,52,67,1,0,4,0
7.21,64,98,8,1,2,0
5.11,94,86,3,0,1,0
7.36,71,74,5,1,4,0
9.41,71,74,4,2,2,1
6.84,100,90,2,1,3,1
6.47,49,79,5,0,3,0
7.57,81,92,5,1,3,1
7.51,94,43,7,2,3,1
8.39,65,77,6,0,0,0
5.94,82,65,2,0,6,0
7.93,55,94,3,1,4,1
7.79,59,92,4,0,3,1
7.06,75,72,3,3,2,1
7.54,81,91,5,1,1,1
8.23,86,95,8,0,4,1
8.07,93,72,5,2,2,0
6.06,68,100,6,1,2,1
8.02,87,71,5,0,3,1
7.14,64,69,6,0,3,0
7.27,83,83,3,1,4,1
7.27,73,67,6,0,4,0
7.05,76,73,7,0,5,1
8.39,76,90,3,0,2,0
7.12,45,72,4,0,4,0
6.08,53,49,8,2,1,0
6.81,71,76,6,2,3,1
7.38,44,62,4,2,3,1
8.43,82,83,5,1,2,0
7.8,83,81,4,3,3,1
6.35,74,91,5,0,5,0
9.69,53,83,4,0,1,0
7.46,90,86,4,1,3,1
8.48,100,63,5,1,6,0
7.05,72,82,6,1,3,1
7.73,77,97,7,0,4,1
8.04,73,63,3,0,5,0
8.42,77,95,6,1,2,1
8.26,68,64,4,3,2,0
8.07,69,60,4,1,4,0
6.88,83,75,7,0,4,1
6.63,100,81,5,2,1,1
7.53,48,83,3,0,2,0
8.13,68,59,3,0,3,0
6.98,52,77,5,0,5,0
8.27,93,63,6,2,3,1
8.65,61,52,8,2,6,1
6.28,48,59,6,1,6,0
6.36,79,62,7,0,4,1
7.06,96,78,6,0,4,1
7.51,79,86,7,0,3,1
6.68,73,52,2,3,1,0
8.55,76,76,7,1,3,1
7.62,91,56,4,0,3,1
7.24,56,80,7,2,3,0
5.76,68,63,2,1,4,0
5.88,63,58,6,4,3,1
7.48,52,82,6,2,4,0
5.07,65,64,8,0,3,0
8.21,86,67,6,2,2,1
7.04,78,43,4,1,3,0
10.0,79,84,5,0,6,1
9.51,72,82,4,2,5,1
7.02,77,72,3,1,2,0
7.09,57,52,4,0,3,0
8.2,65,87,3,1,6,1
8.9,72,63,5,1,1,1
5.56,74,66,7,0,2,1
5.41,74,100,7,0,2,0
6.58,67,62,2,1,3,0
7.78,64,81,2,0,3,0
7.7,100,79,4,3,1,1
8.27,83,77,4,0,4,1
6.0,76,75,3,0,1,0
4.88,66,76,4,0,4,0
8.06,63,75,5,1,3,0
6.37,68,71,5,1,3,0
5.18,74,91,5,1,1,0
7.35,41,54,4,0,4,0
7.99,46,85,6,2,3,0
7.08,60,82,6,0,3,1
6.74,73,81,4,0,3,0
7.04,66,86,3,0,4,0
6.83,92,70,4,0,0,0
5.85,47,47,3,1,1,0
6.49,58,71,5,0,2,0
7.72,92,59,3,0,4,1
7.52,71,62,5,2,3,1
7.37,83,55,3,0,4,1
6.2,100,65,6,2,4,1
7.02,59,64,1,2,5,0
5.02,68,41,5,0,3,0
7.38,65,81,3,1,2,0
8.63,40,100,1,1,5,0
5.73,65,79,7,0,2,0
6.61,83,69,5,3,3,1
7.53,78,71,3,1,2,1
8.45,79,66,5,3,5,1
6.75,64,73,5,2,3,0
6.51,60,71,5,0,2,0
5.23,89,61,4,0,4,0
7.3,62,93,7,0,2,0
9.24,74,52,4,2,6,0
7.48,72,81,4,3,3,0
7.18,91,70,4,1,4,1
7.52,84,96,6,0,2,0
7.19,50,76,7,0,5,0
6.39,52,67,6,2,5,0
8.02,78,68,6,3,4,1
7.43,69,72,8,0,5,0
7.22,63,57,5,0,1,0
6.22,85,62,6,0,6,1
8.5,72,48,8,0,4,0
7.86,70,60,1,2,5,0
6.65,81,73,5,1,4,0
8.2,64,75,6,1,2,0
6.7,93,46,7,1,4,0
6.42,58,70,7,0,1,0
6.44,79,79,6,0,4,0
5.43,91,69,7,2,3,1
7.67,49,63,5,2,2,1
5.37,64,66,1,1,6,0
5.97,87,64,1,0,5,0
5.12,87,63,5,0,5,1
7.11,67,74,4,0,4,0
7.05,58,100,5,1,4,1
6.87,84,62,4,1,4,1
6.16,87,67,7,1,1,1
6.03,52,71,4,2,5,0
7.66,51,63,7,1,5,1
6.65,73,86,7,1,4,1
7.52,79,41,5,0,6,1
6.31,65,65,4,2,3,0
7.38,80,82,6,1,3,1
8.5,59,68,6,0,6,0
7.79,38,61,4,1,3,1
6.79,63,77,3,1,4,1
7.46,70,83,4,2,3,1
6.96,65,74,3,3,4,1
7.21,52,61,4,1,4,0
6.87,42,77,4,2,4,0
7.04,62,66,5,0,3,0
7.41,83,81,8,1,2,1
6.21,88,91,5,2,4,1
6.18,87,38,7,1,5,0
5.81,57,73,6,1,0,0
5.6,52,49,6,3,1,1
5.98,77,100,4,0,1,1
7.36,79,65,4,0,6,1
6.31,76,81,6,2,4,1
7.71,39,71,7,2,6,1
7.23,56,61,5,3,3,1
5.23,69,60,1,1,3,0
7.85,77,92,6,2,4,1
8.01,81,84,4,2,2,0
6.21,72,97,1,0,3,0
7.62,74,72,6,2,3,0
6.34,71,75,5,0,2,1
7.3,80,68,5,0,3,1
5.94,74,68,7,1,1,0
5.41,70,58,5,0,2,0
6.82,65,73,5,0,2,1
7.08,71,61,4,0,4,0
6.8,77,77,4,0,2,0
6.02,74,74,6,0,2,0
6.8,75,75,4,1,1,0
7.47,90,93,3,2,3,1
7.16,73,71,3,3,4,0
7.38,60,81,5,2,5,0
6.53,83,98,5,1,5,1
8.37,49,88,5,2,2,0
6.02,53,86,5,0,1,0
7.69,75,68,3,0,2,0
8.38,77,74,5,2,6,0
7.68,51,54,7,1,4,0
7.0,64,78,3,2,0,1
6.67,60,75,5,1,1,0
8.24,62,72,5,0,3,1
5.78,84,85,6,3,2,1
6.23,80,56,3,1,5,0
6.8,69,93,7,2,3,1
8.44,61,83,5,2,4,1
7.58,49,71,6,0,3,0
6.23,91,70,4,0,2,0
6.89,78,78,6,0,3,0
6.59,59,91,6,0,4,1
6.49,80,73,4,0,3,0
8.18,68,73,4,1,3,0
5.83,65,72,5,3,5,1
8.81,76,95,3,3,1,1
8.03,58,67,6,2,3,0
8.29,64,71,2,0,2,0
6.74,71,91,3,0,4,0
7.05,62,73,5,2,0,1
5.77,80,86,3,0,4,0
6.68,98,60,8,2,1,0
7.69,58,69,7,3,1,0
8.5,45,91,5,1,4,0
6.09,39,63,6,2,4,1
6.83,67,70,7,0,5,0
7.05,60,75,4,2,3,1
5.8,73,59,6,0,3,0
7.79,71,66,3,0,4,1
6.48,45,73,4,2,2,0
7.0,42,72,5,2,0,0
6.75,74,88,6,1,2,1
6.41,72,92,2,1,2,1
7.19,63,60,4,2,2,0
6.98,45,73,5,2,6,1
6.83,77,80,4,4,5,1
6.47,89,91,6,3,6,1
7.52,74,81,5,2,6,1
8.85,57,75,4,2,3,1
7.34,70,80,3,1,2,1
8.2,49,80,5,0,3,0
5.81,85,59,5,0,5,0
7.36,71,74,3,2,3,0
6.1,43,90,4,2,3,0
5.72,65,69,4,1,1,0
6.46,76,73,3,1,3,0
8.39,65,68,5,0,3,0
8.15,65,41,6,0,3,1
7.44,51,72,5,1,5,0
5.67,78,75,6,1,1,1
7.0,60,65,3,3,6,0
7.5,37,56,4,0,0,0
7.38,64,60,5,1,6,1
5.36,84,81,5,1,3,0
6.31,64,97,5,4,4,1
7.14,96,89,6,3,2,1
7.74,76,54,5,1,4,0
5.0,75,83,3,4,5,0
7.04,68,63,5,1,1,0
7.34,68,64,6,0,1,1
8.05,66,65,8,1,2,0
7.89,65,81,5,0,2,0
7.78,77,84,5,1,1,1
6.4,55,70,5,3,4,0
5.29,53,70,7,2,2,0
6.81,53,78,8,0,4,0
8.2,100,79,6,0,5,1
8.59,77,87,5,0,4,0
7.91,74,55,2,0,1,0
7.63,54,72,6,0,3,0
7.58,79,58,6,1,3,1
6.64,68,71,6,2,2,1
7.07,73,69,3,2,2,0
8.87,55,71,5,0,6,1
6.26,72,61,4,0,4,0
8.81,63,52,6,0,1,0
6.88,58,44,4,0,3,0
8.53,81,70,5,1,2,0
5.79,46,66,4,0,6,0
7.79,78,63,1,1,6,1
6.46,80,89,5,3,2,1
5.78,56,60,3,1,3,0
7.42,57,90,5,2,3,1
8.21,66,93,7,0,3,0
6.36,74,46,8,3,2,0
5.7,67,73,4,0,4,0
7.11,76,66,6,0,2,1
7.11,96,34,4,0,4,1
7.75,62,53,7,0,3,0
8.15,44,82,6,1,4,1
7.14,82,98,2,4,4,1
9.06,95,83,4,2,3,1
7.42,75,76,4,1,4,0
6.85,53,71,6,1,3,0
5.59,68,93,4,1,1,0
6.94,53,99,5,2,2,1
6.86,79,64,5,2,2,0
8.16,49,46,8,1,1,0
7.66,65,44,7,2,4,1
6.02,54,89,4,2,3,0
7.37,71,71,6,0,1,0
7.87,64,74,6,0,5,1
8.73,72,48,7,2,4,1
8.09,70,62,2,3,3,0
7.96,55,68,4,1,2,0
7.26,79,74,4,4,2,1
7.59,69,66,4,0,3,0
8.45,55,58,3,1,5,0
5.87,100,61,5,1,2,0
6.85,77,87,5,3,3,1
6.43,67,75,5,0,6,0
7.58,91,79,5,1,4,1
8.43,97,60,2,0,3,0
6.6,67,33,7,1,4,1
4.81,75,65,7,3,5,1
6.79,55,60,5,0,3,0
8.11,67,76,7,2,5,1
7.74,67,100,3,3,3,1
7.63,72,81,6,0,5,0
6.92,74,100,3,2,6,0
5.92,78,79,4,0,3,1
7.72,73,63,4,0,4,0
6.37,51,76,5,1,4,0
9.38,55,95,4,2,4,1
7.77,61,95,5,1,5,1
6.62,65,64,4,0,0,0
6.59,85,75,7,3,4,0
7.11,52,53,5,2,4,0
6.96,64,82,3,0,4,0
8.32,84,92,4,1,4,1
7.39,65,72,6,0,0,0
6.47,76,63,4,0,3,0
9.09,67,76,5,1,5,1
7.25,73,77,5,1,6,1
7.97,66,73,4,0,2,0
6.59,80,74,4,2,3,1
7.56,46,69,5,0,5,0
7.51,64,84,3,1,4,0
5.31,74,81,4,0,4,0
9.22,78,59,2,1,0,0
8.49,92,58,4,0,4,0
6.8,64,68,4,1,4,1
6.1,92,81,8,1,4,1
7.55,60,73,5,0,4,0
7.29,89,63,6,0,3,1
7.56,82,75,2,1,6,1
7.39,56,67,3,0,4,0
7.71,74,83,6,1,3,1
8.65,69,76,5,1,6,0
7.77,79,67,3,2,5,1
6.15,66,75,4,4,5,0
8.56,65,89,5,1,3,1
8.84,90,64,6,2,3,1
10.0,68,77,2,2,2,0
6.08,82,71,5,3,2,0
7.44,66,77,6,0,3,1
5.12,94,63,8,2,3,0
7.75,59,73,6,3,2,0
6.65,60,86,4,1,6,0
9.12,92,59,6,0,3,1
6.43,63,54,6,4,3,0
5.51,94,55,6,1,3,1
6.73,83,56,6,1,1,0
5.22,67,79,7,2,5,0
7.95,42,53,3,0,2,0
5.13,69,68,3,0,4,0
7.23,71,80,6,1,4,1
5.12,87,77,4,1,3,0
6.88,93,66,2,2,3,1
8.84,59,74,4,1,2,1
7.56,82,73,6,2,2,1
6.34,81,69,3,0,3,0
7.17,86,69,5,1,4,1
7.22,77,100,1,0,3,1
7.67,40,82,3,1,2,0
5.83,67,100,4,3,1,0
7.79,52,65,3,0,4,0
4.5,66,70,6,2,3,1
6.57,84,54,7,0,1,0
6.71,74,61,6,0,4,0
7.83,87,96,4,0,2,1
7.22,75,65,5,2,3,1
5.79,50,96,3,0,2,0
6.22,32,55,4,2,6,0
7.4,72,58,5,2,2,0
7.12,66,67,6,0,3,1
6.62,55,71,3,1,6,0
6.72,44,84,4,1,2,1
7.9,58,77,7,3,4,1
6.68,67,66,4,0,2,0
7.11,79,70,7,0,1,0
9.37,72,67,8,1,4,0
5.78,94,60,5,2,5,1
5.35,54,60,4,2,3,0
7.98,83,85,6,3,4,1
6.52,70,48,3,3,4,0
6.88,80,93,4,0,3,1
6.42,63,67,6,1,4,0
6.94,86,61,4,2,2,0
8.8,74,81,3,3,3,1
8.0,59,91,5,0,3,0
8.06,69,86,6,1,5,1
5.78,66,78,3,3,2,0
6.05,77,86,4,1,4,1
4.36,52,49,3,1,2,0
6.39,69,65,4,3,2,1
8.16,75,60,6,2,4,0
7.72,70,87,6,0,4,1
6.98,90,67,5,0,3,0
7.18,81,82,1,1,2,0
6.51,69,78,3,3,5,1
7.4,73,60,3,4,1,0
7.97,74,64,4,2,4,0
5.58,76,88,3,1,4,1
7.5,42,61,4,0,4,0
8.13,65,73,2,2,6,1
6.78,47,61,6,1,4,1
7.9,89,67,6,1,2,1
10.0,69,71,5,1,3,1
7.1,67,61,3,1,3,1
7.59,83,59,7,3,0,1
6.46,76,75,8,0,5,1
7.38,53,61,3,2,1,0
7.66,68,61,6,1,4,0
7.39,64,59,6,2,4,0
6.18,43,70,5,2,5,1
7.41,59,84,4,0,3,0
8.66,67,91,5,0,4,1
7.65,68,62,5,0,2,0
8.16,47,99,4,0,4,0
6.96,87,58,7,2,2,0
7.95,68,86,6,0,5,0
7.48,70,62,4,1,2,0
6.25,76,60,5,0,2,0
7.52,58,62,5,1,3,0
6.21,76,71,3,2,4,0
6.57,64,79,4,0,4,0
7.39,56,80,7,1,2,0
7.5,78,59,5,2,1,0
6.01,92,59,3,0,2,0
8.25,80,60,3,2,3,1
7.77,83,70,5,0,3,0
6.5,62,69,5,0,3,1
5.66,46,59,4,1,4,1
7.06,92,75,5,0,3,0
6.75,100,100,2,2,6,1
7.31,93,65,3,0,2,1
6.84,64,66,5,0,4,0
5.19,52,79,2,1,4,0
6.81,54,64,7,1,2,0
6.89,44,80,3,2,3,0
7.83,68,62,5,0,3,0
6.5,94,95,4,2,2,1
8.88,67,76,4,4,3,1
5.29,74,63,6,1,3,1
8.51,90,64,5,2,2,0
6.98,63,65,6,1,3,1
8.06,100,89,5,0,3,0
7.28,99,55,5,0,1,0
8.34,68,63,6,0,1,0
6.81,61,64,5,4,4,0
6.1,80,71,5,0,4,0
8.62,64,68,6,1,6,0
7.09,52,52,7,0,1,0
7.42,89,66,4,2,1,0
8.43,88,70,5,0,1,0
6.17,72,63,3,2,3,1
7.8,51,80,4,0,4,0
6.61,51,83,4,3,3,1
7.07,71,70,6,2,4,0
7.27,62,74,5,2,4,0
5.7,64,43,6,0,6,0
6.42,85,66,1,0,1,0
8.55,80,85,5,3,1,0
8.09,90,66,7,0,2,1
7.14,55,62,3,0,0,0
7.44,64,100,2,1,6,0
6.91,81,95,4,0,2,1
8.56,76,78,6,0,3,1
7.0,92,86,5,1,2,0
7.43,76,43,5,1,2,0
8.35,97,61,5,0,2,0
6.42,78,65,4,1,2,0
8.76,85,68,6,1,4,1
5.67,65,65,3,2,6,0
8.83,70,38,4,0,3,0
6.83,83,77,5,1,3,1
6.96,94,79,6,1,0,1
5.31,80,92,6,1,5,1
6.75,68,61,6,0,0,0
6.16,90,60,4,0,5,0
6.59,37,37,3,2,3,0
7.06,48,68,3,0,2,0
8.16,80,83,7,2,3,1
7.41,70,64,7,3,6,1
7.51,79,99,8,1,2,1
6.1,70,68,2,1,2,0
6.32,78,73,5,0,1,0
9.0,57,54,5,3,3,0
6.46,78,75,6,2,1,0
8.86,84,46,5,2,4,1
6.96,88,81,6,1,5,1
7.2,100,81,4,2,6,1
8.27,73,89,3,2,1,1
8.47,74,58,3,0,3,0
7.09,47,74,1,1,1,0
6.81,62,79,4,1,3,0
7.14,67,77,3,0,5,0
7.54,85,60,4,2,3,0
8.09,60,40,5,0,5,0
7.2,81,76,7,1,5,1
7.82,69,70,6,0,2,0
8.84,67,64,4,0,4,1
7.58,73,81,3,1,0,0
7.51,64,71,3,4,3,1
5.68,63,54,8,1,2,0
4.57,44,46,5,0,6,0
7.59,66,57,3,1,3,0
7.11,62,100,6,0,4,1
6.69,62,81,4,0,4,0
7.44,76,74,7,0,4,1
7.14,79,69,4,0,4,0
8.33,73,68,4,1,2,0
7.29,84,87,5,1,4,0
6.45,78,65,7,0,3,1
8.19,65,79,7,2,3,1
6.98,63,67,5,0,0,0
7.73,74,97,3,3,2,0
6.72,78,81,4,1,6,1
6.55,90,88,8,0,2,0
7.28,87,64,5,4,3,1
7.21,61,85,6,0,2,0
7.68,68,67,4,1,1,1
6.93,80,73,5,0,2,0
5.36,86,93,4,2,3,0
6.77,84,58,6,1,5,1
7.99,69,74,7,0,2,0
6.9,51,77,5,0,2,0
6.95,55,78,5,2,3,1
8.19,74,66,4,0,3,0
6.49,75,99,3,0,5,0
5.66,53,55,7,1,3,1
7.04,70,90,4,2,3,0
6.72,79,87,6,0,3,1
6.23,52,96,6,0,4,0
7.02,86,51,6,2,3,0
7.69,64,60,7,0,2,1
7.19,88,91,5,1,1,0
7.51,61,47,7,4,6,0
9.01,54,51,3,2,5,0
6.86,63,65,5,0,0,0
7.48,68,74,6,0,5,1
6.69,64,92,4,0,3,0
6.35,66,69,6,3,3,0
6.62,75,64,6,4,0,0
6.72,67,76,6,0,4,0
7.56,69,78,4,2,2,0
9.55,44,77,5,2,4,1
6.48,75,69,4,0,0,0
6.78,68,46,6,0,4,1
7.14,94,60,5,0,0,1
7.6,55,90,5,1,2,0
7.46,42,74,4,3,2,0
8.48,79,67,3,3,2,1
4.77,75,86,3,0,3,1
4.81,54,57,2,0,2,0
6.7,47,69,5,1,6,0
8.3,93,73,6,2,3,1
5.63,91,66,1,1,3,0
4.19,32,73,2,1,2,0
7.77,63,69,5,1,3,1
7.44,94,53,6,0,1,1
6.11,62,74,3,1,4,0
6.21,62,54,4,4,2,0
6.23,65,74,4,0,4,1
7.31,53,89,4,1,3,0
6.57,44,68,3,0,6,0
7.69,85,56,4,1,2,1
4.35,42,70,6,1,0,0
6.34,73,61,5,1,3,0
6.07,83,79,3,3,6,1
6.94,48,70,5,1,4,1
6.66,56,94,5,1,1,0
8.0,88,87,7,0,3,1
5.34,77,70,4,2,5,1
7.25,60,81,6,0,0,0
7.76,88,66,6,2,2,0
9.06,88,72,3,0,5,0
6.72,74,67,7,0,5,0
7.52,56,81,5,0,4,0
5.4,63,90,5,4,6,0
4.81,74,82,3,0,1,0
8.04,67,83,4,0,3,0
7.19,84,83,5,0,4,1
8.38,47,79,4,0,4,0
5.83,47,57,5,0,4,0
7.72,72,94,4,1,5,1
9.07,62,95,5,0,3,0
7.62,60,68,5,1,0,0
7.48,43,67,1,0,3,0
7.21,70,79,5,1,4,0
5.63,69,79,4,1,2,1
8.56,79,69,4,0,5,0
6.59,71,55,3,1,2,0
7.7,68,75,3,0,0,0
5.64,87,79,3,0,3,1
6.02,50,81,7,1,4,0
8.64,78,76,4,1,2,1
6.85,44,68,2,1,4,0
8.65,57,84,3,0,3,0
7.12,51,72,2,0,2,0
5.36,81,65,5,0,1,0
8.09,69,69,3,1,4,0
6.61,69,49,5,1,3,0
7.9,53,69,4,0,5,1
7.23,65,80,6,2,3,1
5.66,58,76,4,0,2,0
7.36,75,91,5,4,2,0
9.4,55,68,6,0,1,1
7.69,89,78,4,2,3,1
7.14,44,82,6,1,3,0
8.28,57,100,5,3,4,1
7.41,95,73,4,0,2,1
7.41,63,58,5,1,2,1
6.11,50,83,8,0,1,1
7.43,73,96,5,4,2,1
8.24,62,67,7,4,3,1
6.36,57,82,3,0,6,0
8.62,53,87,5,1,4,1
7.11,100,85,7,1,4,1
6.31,66,73,4,0,2,0
8.2,41,62,8,0,1,1
6.91,92,70,3,4,2,0
7.96,79,77,7,1,2,0
6.91,58,83,4,0,3,0
7.14,56,76,2,0,2,0
7.69,80,67,7,0,5,0
7.49,66,79,4,1,6,1
5.2,41,83,1,0,2,0
6.08,96,76,3,1,4,0
8.13,63,61,5,0,4,1
7.07,92,69,8,0,2,0
6.68,89,84,3,0,5,0
5.84,54,54,5,3,2,0
6.12,85,44,3,0,4,0
5.18,60,91,6,2,2,0
7.1,41,78,3,0,3,0
6.6,63,79,4,1,3,0
6.23,75,58,3,0,5,0
7.13,63,81,5,2,1,1
7.56,65,75,7,2,1,1
9.29,87,51,5,0,3,1
5.69,71,90,2,0,1,0
8.36,57,74,5,2,4,0
8.17,80,66,6,0,4,1
6.42,72,67,3,1,5,1
7.4,32,45,2,0,4,0
6.74,76,79,3,1,5,1
7.39,75,75,6,1,4,1
8.71,70,69,5,0,6,1
7.81,83,88,5,1,2,1
7.71,59,54,4,1,3,0
6.77,75,64,4,0,6,0
5.72,46,60,8,1,4,0
6.99,76,68,4,1,5,0
8.41,99,72,7,0,0,1
5.67,55,77,5,4,5,1
6.14,58,67,3,2,4,0
7.33,59,60,5,0,2,0
6.22,71,93,7,2,0,1
6.41,54,100,4,0,2,0
6.78,76,73,7,1,5,1
5.83,82,62,4,0,4,0
6.23,78,91,5,2,5,1
7.9,43,53,6,2,3,0
5.89,84,67,7,1,6,1
5.6,84,62,5,0,3,0
6.57,82,56,5,0,2,1
7.93,75,68,1,1,2,0
7.0,73,60,4,0,6,0
6.74,85,72,4,0,2,0
7.24,98,72,3,2,2,1
5.45,55,63,4,2,0,0
7.69,86,67,4,0,2,0
7.58,68,68,8,0,5,1
6.79,68,82,5,2,3,1
8.21,46,70,4,3,4,0
6.07,65,82,8,1,6,1
8.33,55,79,3,0,3,1
7.35,63,79,5,2,5,1
6.86,53,90,5,2,2,0
7.18,63,57,2,0,6,0
7.09,63,65,6,1,1,0
8.42,71,94,3,1,4,1
6.12,45,68,3,1,4,0
6.44,48,35,3,2,2,0
8.24,75,69,7,1,3,1
6.6,58,73,5,2,2,1
8.1,86,37,5,1,1,1
8.9,73,89,5,0,3,1
6.8,79,62,4,1,6,0
7.88,91,76,5,2,3,1
6.05,65,69,4,4,3,1
7.95,61,55,3,1,0,0
7.4,83,58,5,0,1,1
7.67,77,59,3,4,3,0
6.55,67,86,3,1,6,1
5.54,90,70,6,3,5,1
7.7,66,65,5,0,2,0
5.14,70,59,5,0,3,0
6.88,70,87,4,0,3,1
8.14,55,91,4,2,4,1
7.39,71,87,5,3,4,1
9.15,90,78,6,1,4,1
8.23,76,75,5,0,0,1
6.55,70,56,8,0,6,0
7.23,67,68,8,1,1,0
7.15,74,63,4,1,3,0
5.62,81,48,6,2,5,1
6.26,79,85,5,0,3,0
6.64,65,62,5,1,1,0
5.16,74,87,2,0,2,1
7.25,77,83,5,1,3,1
6.95,54,79,7,1,1,0
5.53,72,79,6,3,3,1
7.6,37,64,6,1,2,0
7.92,77,96,3,1,5,0
7.43,79,72,4,0,1,0
6.88,81,75,4,3,4,0
7.79,64,63,4,0,3,0
7.88,74,59,5,0,3,0
7.51,91,78,4,3,2,1
6.38,91,74,5,2,4,0
7.48,69,61,4,1,4,0
8.4,72,53,4,0,1,0
6.6,86,55,3,2,5,0
9.3,47,87,7,0,5,0
6.67,65,64,1,0,1,0
7.23,90,67,1,0,4,0
6.53,84,90,6,0,3,0
7.42,75,57,8,4,0,1
5.46,47,62,6,1,2,0
6.65,69,62,1,1,6,0
6.11,61,93,3,4,3,0
7.34,74,97,8,0,6,1
8.19,57,81,6,0,4,1
7.85,54,82,5,1,0,1
4.83,39,64,4,1,1,0
9.24,88,97,1,1,4,1
7.5,64,75,1,0,3,0
6.42,72,83,5,1,1,0
7.36,69,70,1,0,4,0
7.38,53,68,8,0,5,0
6.53,51,93,3,0,4,1
7.4,54,79,6,0,2,0
6.59,59,90,3,1,2,1
6.8,75,75,5,0,6,1
6.51,58,60,3,4,5,0
5.77,96,64,6,3,2,1
7.35,85,73,5,1,5,1
7.79,82,63,3,4,2,0
7.71,68,57,6,4,2,1
8.02,92,87,5,1,2,1
7.52,66,64,7,1,1,0
6.67,69,73,7,4,5,0
8.04,72,75,7,1,3,1
5.84,80,64,2,0,2,0
6.3,79,90,3,2,5,1
6.24,62,57,8,0,5,0
8.28,62,75,5,0,1,0
8.14,79,75,4,0,4,0
7.69,80,71,6,0,4,1
8.27,64,55,4,0,4,0
6.32,46,83,6,3,4,1
7.55,66,81,6,0,2,0
7.07,79,63,6,0,2,0
8.05,97,81,4,0,5,1
7.08,52,76,4,1,5,1
6.82,63,55,4,4,2,1
7.74,64,60,5,0,0,0
8.08,90,86,3,0,5,0
6.53,69,76,5,1,3,0
7.14,56,64,5,1,2,0
6.14,78,60,5,0,2,0
4.7,63,65,6,0,3,0
7.4,51,66,5,1,3,0
7.81,56,61,4,0,3,0
7.46,96,49,5,3,1,1
5.25,75,86,6,0,6,1
6.85,71,84,4,0,6,0
4.98,66,55,5,2,6,0
8.57,74,73,3,2,5,1
6.11,74,60,4,0,4,0
8.46,74,68,7,4,2,1
8.15,71,67,7,2,0,0
6.3,83,66,5,0,1,1
6.07,70,98,6,1,2,0
7.55,55,66,7,0,3,0
6.36,60,61,8,0,6,0
7.3,40,62,5,0,3,0
6.72,100,85,5,1,3,0
5.42,82,50,4,2,4,1
4.97,57,62,2,1,2,0
7.43,65,90,4,0,6,1
6.64,60,75,6,1,3,0
6.65,93,74,6,1,2,0
7.9,48,99,7,2,6,1
8.37,71,75,2,0,4,0
6.93,68,62,5,1,3,0
6.86,82,68,3,1,3,0
7.7,68,57,3,2,4,0
5.84,43,88,7,0,2,0
7.42,66,79,5,0,5,0
7.75,55,86,6,1,6,0
7.88,71,87,2,3,3,1
5.26,91,66,4,1,4,1
6.44,43,59,5,4,5,0
6.32,57,71,3,0,3,0
7.3,61,60,4,1,6,0
7.68,64,74,2,1,4,0
8.7,81,86,5,1,3,1
6.71,67,69,8,2,4,1
6.7,76,73,6,2,3,1
8.35,60,70,8,2,1,1
7.5,73,82,6,1,4,0
8.47,81,63,7,3,3,1
7.49,59,43,5,1,4,0
6.04,81,78,5,2,2,0
5.87,70,84,4,3,3,0
5.65,85,77,6,1,4,1
7.86,66,63,3,2,6,1
8.39,75,57,2,1,5,0
9.05,69,78,7,0,5,1
8.04,68,73,1,1,2,0
8.36,73,70,8,0,5,1
6.62,78,95,6,1,2,1
6.04,51,59,4,3,2,0
8.05,91,95,5,0,1,1
7.62,42,72,6,0,5,1
7.31,59,48,4,1,1,0
7.59,68,69,6,0,1,0
7.52,76,84,6,1,2,1
8.48,93,67,4,1,3,1
8.49,42,52,2,0,5,0
7.74,62,69,3,0,3,0
8.05,38,60,3,3,3,0
7.71,70,78,2,0,2,0
6.74,74,82,6,1,2,0
7.96,93,58,4,4,1,0
5.81,71,62,7,2,3,0
8.25,85,81,4,0,3,0
6.01,78,60,5,1,2,0
7.49,63,57,5,2,5,1
6.35,48,56,7,2,6,1
7.75,74,76,5,2,1,1
7.17,47,76,4,1,0,0
5.61,89,63,7,0,4,1
7.62,67,72,4,1,2,1
6.62,87,91,2,1,3,0
8.08,62,59,4,1,3,0
7.2,74,46,6,0,5,0
7.6,73,77,2,0,4,0
6.24,69,70,5,4,0,1
6.61,63,62,5,0,0,0
6.74,75,80,7,0,2,0
8.06,56,82,4,2,2,1
8.88,51,43,4,1,3,0
6.39,88,63,4,0,5,0
8.28,80,100,4,1,2,1
5.03,70,79,6,1,3,0
6.01,94,80,5,1,2,0
6.24,65,87,6,3,0,1
5.85,89,72,6,0,6,1
5.62,72,82,7,2,1,0
7.61,54,81,4,0,2,0
6.99,97,79,8,1,1,1
7.58,84,67,3,2,3,0
7.89,68,74,6,0,6,1
7.47,80,64,5,1,1,1
7.86,63,72,6,0,3,0
7.13,82,56,5,0,0,0
6.01,34,61,6,1,4,0
8.26,54,68,7,2,4,1
6.61,84,59,6,0,4,1
6.26,66,65,6,3,3,1
7.02,73,69,2,0,5,0
6.29,49,77,3,0,3,0
6.78,97,84,8,0,3,1
7.54,87,65,5,0,4,1
7.55,66,89,5,0,3,0
6.3,63,84,4,2,2,0
6.71,85,78,2,1,2,0
8.27,99,73,4,1,1,0
7.7,84,76,5,4,3,1
9.28,100,87,3,1,4,1
8.38,56,87,3,0,1,0
8.34,57,89,5,0,4,1
5.81,52,72,5,0,5,0
7.96,76,79,4,1,2,0
7.15,72,89,5,0,2,1
6.65,67,63,7,1,5,0
7.37,82,67,5,2,4,1
8.15,88,72,7,2,1,0
7.7,47,83,7,2,3,0
6.32,61,83,3,0,4,0
7.94,82,68,3,0,3,0
6.56,62,52,5,1,4,0
7.42,58,75,5,0,3,1
6.9,85,60,4,0,4,0
6.98,50,52,4,1,2,0
7.97,65,55,5,0,4,0
6.16,74,76,1,2,6,0
9.15,61,89,8,0,3,1
5.38,81,72,4,4,4,0
6.6,61,74,7,2,2,1
7.57,91,87,3,0,2,0
7.78,68,51,4,1,6,1
7.1,80,78,4,1,0,0
7.14,81,71,8,2,2,0
7.61,60,79,1,1,3,0
6.97,39,65,5,1,3,0
8.59,75,61,7,1,4,0
8.04,71,73,5,0,2,0
8.07,78,93,4,3,1,1
6.23,66,83,8,0,3,1
7.12,63,65,7,0,3,0
6.9,100,54,4,0,3,1
6.19,47,50,5,3,4,1
7.56,81,89,8,1,3,1
6.66,61,59,8,2,2,0
7.86,64,67,4,2,4,0
6.13,65,89,6,2,1,0
8.92,57,51,4,1,2,0
6.3,78,91,4,0,4,0
7.42,90,68,3,0,2,0
7.99,77,57,3,1,3,0
6.63,71,68,5,1,2,1
8.05,55,62,5,1,3,0
5.97,77,77,4,1,2,0
8.65,100,63,4,1,6,1
7.21,64,47,4,0,3,0
6.6,64,69,8,0,4,0
6.9,61,54,7,2,5,1
8.01,62,74,4,0,4,0
6.62,30,56,7,2,3,0
6.45,76,65,4,1,3,0
6.98,57,74,5,4,3,1
6.02,45,69,8,2,5,1
9.02,81,75,4,1,1,0
6.63,53,80,5,1,5,1
8.03,64,56,4,0,3,0
7.41,91,71,4,1,5,0
6.22,48,30,5,2,0,0
7.19,47,75,8,1,5,0
7.98,74,68,5,1,1,0
7.01,87,59,7,0,4,0
8.39,46,76,7,2,3,1
8.22,76,87,4,0,4,0
8.12,78,65,4,2,4,1
6.74,39,59,5,1,2,0
6.12,81,74,5,1,3,1
6.59,83,54,3,0,2,0
7.4,65,63,8,0,3,0
7.75,88,87,6,3,4,1
5.03,87,72,4,2,1,0
7.19,71,47,5,1,3,0
7.36,63,48,3,1,4,1
6.92,55,74,5,1,2,0
8.49,69,83,7,1,6,1
7.62,78,50,7,1,3,0
8.51,65,77,4,0,2,1
6.98,37,89,5,2,1,0
8.14,89,96,5,2,3,1
8.84,72,76,4,0,3,0
8.51,64,78,2,2,2,0
6.11,82,44,5,1,0,0
6.95,92,99,5,0,3,1
6.85,30,64,1,0,3,0
7.69,76,59,3,2,1,0
7.89,48,68,3,3,4,1
6.36,77,91,4,2,6,0
7.27,71,100,5,2,6,1
5.18,79,73,4,0,5,0
8.64,62,84,4,0,5,0
6.69,41,72,7,0,2,1
7.26,63,58,3,3,2,0
6.89,76,91,5,4,3,1
8.35,85,63,8,0,4,1
4.36,52,91,5,2,5,1
7.18,85,88,6,1,2,1
7.09,60,79,4,0,3,0
6.75,75,95,1,1,4,0
8.93,62,100,5,2,3,1
6.31,72,69,5,0,3,0
7.97,83,61,3,3,2,0
7.56,51,47,5,0,6,0
8.46,59,100,7,0,3,1
6.53,72,66,3,0,3,0
6.47,100,86,5,2,2,0
8.3,57,62,5,1,3,1
7.63,100,91,6,2,2,1
5.66,100,62,6,1,2,0
6.66,68,56,6,1,2,1
7.59,65,69,4,2,0,0
8.04,59,65,2,1,3,0
6.52,68,79,4,2,3,0
4.29,48,71,5,0,5,0
7.72,68,80,6,1,0,0
5.98,92,68,8,2,0,1
5.18,60,63,5,3,5,1
4.37,66,64,5,0,1,0
8.01,44,98,5,1,0,1
7.33,75,74,3,1,2,1
6.97,73,46,5,1,5,0
8.59,70,65,5,0,5,1
7.84,66,73,8,0,2,0
8.82,65,95,4,2,4,1
5.81,77,85,8,2,3,0
7.17,69,60,5,1,5,1
5.58,74,100,4,2,1,0
6.97,73,71,3,0,5,0
6.95,86,88,3,1,2,0
7.83,80,56,5,3,3,1
7.25,72,40,1,2,2,0
7.82,92,53,4,1,4,1
7.9,76,30,8,2,4,1
9.35,89,99,5,1,3,1
6.88,79,74,6,2,4,1
6.26,42,59,3,1,4,0
7.45,89,77,5,2,4,1
6.4,72,74,4,0,2,0
8.68,69,80,7,1,3,1
6.92,74,87,3,1,2,0
6.63,64,68,5,1,3,0
6.73,73,60,5,2,4,1
7.92,61,82,5,3,4,1
7.04,89,82,6,2,4,1
6.56,68,73,4,0,2,0
8.87,64,100,4,2,4,0
6.34,56,66,6,0,3,1
7.24,74,60,5,1,6,0
7.85,72,77,4,3,2,0
5.57,75,63,1,0,4,0
7.68,54,78,6,2,4,1
6.14,45,61,8,2,5,0
8.02,79,66,5,1,3,1
6.24,92,96,7,0,3,0
7.89,54,66,5,1,3,0
8.31,93,61,4,4,2,0
8.06,74,87,1,0,4,0
7.45,69,58,5,1,6,1
6.97,64,62,5,0,1,0
6.62,49,79,6,0,3,0
8.67,84,84,5,2,5,1
6.5,58,87,8,0,1,0
6.16,58,62,5,4,3,1
7.87,84,79,4,1,5,0
6.4,41,65,4,1,5,0
6.25,47,64,5,0,3,0
5.76,69,87,7,4,0,1
6.72,74,64,2,0,1,0
7.12,77,75,8,1,3,0
7.44,65,74,8,1,1,1
8.15,100,58,5,1,1,0
7.73,66,84,4,1,4,0
7.01,66,79,3,2,4,0
7.0,58,46,4,0,5,0
7.71,71,75,2,1,1,0
8.47,79,61,5,2,2,1
7.33,88,86,2,1,5,1
6.73,47,53,6,0,4,0
6.21,66,67,4,0,5,0
5.75,76,76,3,0,6,1
7.87,78,72,5,0,5,0
7.78,70,81,8,1,3,0
7.78,78,52,5,1,2,0
7.07,57,93,5,0,3,0
8.61,93,78,6,1,4,1
6.72,84,89,6,4,2,1
8.16,49,83,7,4,4,1
7.16,53,71,3,2,1,0
6.59,54,55,7,0,4,0
7.79,80,64,4,0,0,0
7.61,50,92,7,2,3,0
7.56,65,90,4,0,5,0
7.28,76,63,7,0,1,0
7.16,69,35,8,1,3,1
9.59,73,69,3,0,2,0
8.38,54,68,8,2,5,0
7.92,78,68,3,2,5,0
7.31,60,78,3,2,6,0
8.21,65,83,4,2,5,1
7.72,73,84,8,0,4,1
7.23,71,77,5,2,2,1
6.9,70,48,5,1,2,0
7.12,58,67,5,2,3,0
4.03,65,100,8,0,3,0
7.41,70,76,6,2,4,1
6.71,49,76,3,4,2,1
8.79,63,76,4,0,1,1
7.22,75,77,3,0,3,0
6.01,50,41,5,0,2,0
7.15,87,68,3,1,4,0
6.15,89,71,4,0,3,0
7.67,51,88,7,2,4,1
7.49,90,72,4,1,1,0
8.16,67,50,5,1,6,0
6.41,76,77,4,2,0,1
7.23,62,61,2,1,2,0
5.83,83,56,4,1,4,0
7.9,76,61,4,2,0,1
7.72,57,79,7,2,1,1
7.7,52,88,4,0,1,0
7.2,48,78,4,0,3,0
7.61,72,80,6,0,5,1
8.8,78,78,6,1,3,0
6.91,79,73,6,0,4,1
7.34,68,81,8,2,2,1
6.11,52,40,6,2,0,0
6.33,59,73,4,0,0,0
7.3,87,58,6,1,5,1
8.3,62,87,5,1,1,0
6.94,72,70,4,1,6,0
6.96,53,72,4,1,2,0
6.79,75,52,3,3,4,0
6.67,63,85,3,0,6,0
7.49,85,80,3,0,3,1
5.7,81,79,2,1,4,0
8.48,62,61,7,1,3,1
6.53,68,61,7,0,2,0
7.92,61,74,5,0,2,1
5.93,48,62,6,1,5,0
7.87,57,77,3,0,2,0
7.87,72,43,7,4,2,0
7.58,74,65,5,1,6,0
6.21,72,95,2,0,2,0
7.45,65,77,3,1,3,1
6.02,83,74,4,0,6,0
6.95,70,97,2,1,3,1
8.23,80,41,4,1,3,0
8.0,43,61,2,1,5,0
7.22,30,66,4,2,2,1
6.23,74,83,4,0,2,0
7.85,48,83,8,3,3,1
7.22,66,60,4,2,4,0
4.88,65,84,4,0,0,0
7.98,93,66,5,0,3,0
7.18,75,87,7,0,2,1
8.4,72,58,4,0,2,0
6.1,82,70,7,1,4,0
4.02,75,65,4,0,2,0
7.48,63,85,3,3,4,1
7.49,86,65,4,0,3,1
5.51,53,71,5,0,2,0
6.22,74,78,4,0,2,0
9.96,46,79,5,0,2,1
6.89,73,83,4,2,1,1
7.93,72,74,6,1,4,1
6.55,95,66,4,0,4,1
5.11,46,67,5,3,2,0
7.03,60,72,5,2,4,0
6.93,82,75,5,2,6,0
6.8,75,70,4,2,1,0
7.09,72,72,6,1,3,1
7.46,55,52,6,1,4,0
7.05,61,80,4,1,0,0
5.94,88,74,8,0,4,0
7.69,69,85,5,1,6,1
5.25,75,72,5,3,1,0
5.15,68,49,3,1,5,1
7.94,52,67,5,3,3,0
7.71,84,69,3,1,1,0
7.14,77,81,4,2,3,0
5.8,100,45,4,1,1,0
6.49,54,72,6,2,3,0
6.94,82,78,3,1,0,0
5.6,50,63,6,0,4,0
6.46,72,72,4,0,3,0
7.85,84,63,4,4,3,0
8.63,38,62,6,0,2,0
6.78,66,66,5,1,3,0
7.96,61,62,4,1,2,0
5.29,59,80,4,1,4,0
7.86,75,62,4,2,2,0
6.4,86,60,5,2,4,1
7.51,68,94,4,3,2,1
6.95,73,84,6,1,4,1
8.52,71,47,5,1,3,1
6.33,70,62,3,3,3,0
7.83,53,75,4,4,4,1
6.92,86,76,3,4,3,1
7.04,74,52,4,2,5,0
7.02,75,87,5,0,4,1
6.35,57,82,5,0,3,0
7.19,63,78,6,2,5,0
7.14,67,89,3,2,5,1
7.44,46,77,7,2,3,0
7.28,44,77,4,0,1,0
8.0,60,92,4,1,3,0
8.12,77,86,5,0,3,0
6.15,60,61,6,1,3,0
8.07,54,80,4,1,4,0
6.01,57,63,6,3,4,0
7.79,63,78,7,0,4,1
7.82,64,78,6,1,4,1
5.29,100,54,2,1,1,0
7.29,85,70,6,2,2,0
6.73,85,75,6,1,4,0
6.44,87,66,5,3,3,0
8.55,55,76,6,0,4,1
6.55,51,82,8,0,1,0
6.39,53,71,4,2,2,0
7.28,90,74,2,1,3,0
7.89,61,89,5,0,3,1
7.06,51,78,2,1,2,0
8.37,63,74,4,2,3,1
7.73,66,59,5,0,0,0
5.02,74,80,4,0,0,0
6.67,73,76,5,2,1,0
6.64,57,88,6,1,3,1
7.68,80,72,4,0,5,1
4.58,60,48,7,0,2,0
9.75,67,49,2,1,0,0
7.73,80,81,6,0,4,0
7.35,60,64,6,2,5,0
8.38,61,77,4,2,1,0
9.54,78,73,4,1,3,1
8.07,57,69,4,3,2,0
8.15,64,70,6,1,1,1
7.33,78,60,6,0,4,0
7.06,100,71,4,2,6,1
6.72,79,64,5,1,4,0
6.37,77,67,3,0,6,0
6.51,77,67,5,0,3,0
5.85,53,69,8,1,5,0
7.12,71,83,3,0,2,0
5.52,69,70,7,2,1,1
7.39,74,85,6,2,4,0
7.16,71,91,8,1,3,1
7.35,75,83,3,1,2,0
6.68,65,78,3,1,4,0
10.0,70,76,1,0,2,1
8.56,51,83,6,0,3,0
5.96,65,73,5,0,2,0
7.43,90,84,3,0,4,0
6.59,74,79,6,1,2,1
6.19,69,67,4,2,3,0
5.86,98,83,3,1,0,0
7.63,49,73,4,3,4,0
6.52,53,70,3,2,4,0
8.17,95,65,4,4,2,1
8.19,70,74,4,3,2,0
8.57,66,84,7,1,2,1
6.35,52,83,6,1,3,0
7.68,76,76,4,0,3,0
7.83,78,79,6,2,2,1
6.73,53,88,5,1,4,0
6.43,67,70,4,1,5,0
8.81,64,57,6,2,0,0
7.43,73,88,5,1,3,0
7.84,53,65,5,1,3,0
6.38,88,63,5,1,3,0
5.98,83,48,5,2,0,1
6.63,64,79,4,3,2,1
7.08,66,50,7,2,1,0
6.14,67,62,3,2,3,0
7.19,58,79,7,0,4,1
5.51,63,81,4,3,2,0
6.08,65,63,3,0,2,0
7.87,94,70,5,3,2,1
7.8,84,60,4,0,5,0
6.81,84,64,6,1,2,0
6.18,75,75,4,2,3,0
6.17,53,65,5,1,4,0
6.83,69,68,4,1,5,0
7.84,84,52,3,2,4,1
8.13,51,86,4,1,2,0
6.7,79,78,5,0,5,1
6.05,100,82,5,1,4,1
7.47,85,88,5,0,4,0
6.38,91,61,8,2,1,1
6.68,73,67,5,0,0,0
8.53,84,47,7,1,4,1
8.03,59,100,3,1,6,1
7.36,81,70,2,0,4,0
5.93,79,85,4,1,5,0
7.41,74,55,3,1,3,0
8.26,89,84,5,4,2,1
6.82,61,96,5,2,4,0
8.55,67,71,5,2,4,1
8.49,71,58,6,1,4,0
8.86,54,70,8,1,6,1
7.51,73,43,7,0,3,1
7.79,44,71,3,1,0,0
8.61,85,82,4,2,5,1
7.65,70,71,4,1,2,0
6.7,62,68,3,1,4,0
6.75,57,78,5,0,5,0
7.44,66,79,5,0,2,0
5.91,80,50,3,0,5,0
7.06,78,73,6,1,2,1
8.3,59,100,6,1,4,1
5.01,57,54,1,1,1,0
8.73,79,70,4,1,4,1
8.32,59,97,7,2,4,1
6.74,70,86,5,2,3,0
7.74,71,65,4,2,4,1
7.2,74,74,4,1,6,1
8.43,82,71,4,1,4,0
8.18,51,62,3,3,6,1
5.8,41,71,6,0,3,0
7.79,61,68,3,0,3,0
6.99,97,73,4,1,2,0
7.28,100,62,2,1,6,1
6.47,97,55,6,0,1,0
8.95,67,71,2,2,3,1
8.24,43,94,4,1,2,1
6.46,34,73,5,1,3,0
5.87,60,67,4,1,5,0
6.81,67,81,4,1,3,1
7.63,89,69,4,0,5,0
7.44,83,96,6,0,3,1
8.45,73,71,8,0,5,1
7.99,56,81,4,2,3,0
8.17,55,62,2,1,2,0
7.53,73,78,2,1,3,1
5.81,80,75,6,1,3,0
7.0,75,71,5,1,2,0
8.26,54,65,6,0,2,1
7.15,79,63,5,0,2,0
7.7,76,75,7,3,2,1
6.88,53,80,7,1,4,1
6.17,58,70,6,2,3,0
7.08,80,75,5,1,4,1
7.51,66,71,4,2,6,0
6.54,93,73,5,1,3,0
6.96,77,69,5,0,3,0
6.26,62,72,5,3,2,0
8.32,69,100,3,0,3,0
6.91,70,76,5,0,4,0
8.65,59,80,5,0,2,0
8.73,56,77,5,2,2,1
7.12,80,68,4,2,3,1
6.19,82,88,4,2,5,1
5.11,79,68,3,3,4,0
5.73,92,85,7,0,6,0
5.83,61,67,5,1,5,0
8.58,95,59,3,1,2,0
7.32,56,76,2,4,0,0
7.59,54,57,5,0,3,0
4.98,43,78,3,4,3,1
6.0,63,56,8,0,3,0
8.09,62,67,5,2,1,0
7.49,77,53,4,1,1,0
7.05,73,100,5,2,0,1
7.76,52,50,4,0,5,0
8.84,64,72,6,0,6,1
6.98,64,86,4,0,1,0
7.27,43,85,8,1,2,0
7.39,55,83,5,1,1,1
9.59,58,67,6,3,5,1
5.1,91,89,2,1,6,0
7.88,72,83,4,0,2,0
7.09,79,74,6,0,2,1
7.77,47,75,5,0,3,0
6.54,87,68,3,2,3,0
7.15,89,60,4,2,4,0
7.91,40,88,4,4,3,1
10.0,59,89,5,1,6,0
8.01,77,60,4,0,1,0
6.35,79,70,4,0,4,0
